coin,short_venue,long_venue,apr_30d,apr_90d,pos_day_frac,med_ep_days,fees_rt_pct,sleg_spread_bps,lleg_spread_bps,cap_short,cap_long,rt_slip_1000_bps,rt_cost_1000_pct,net_apr30_1000,net_apr14_1000,breakeven_d_1000,rt_slip_5000_bps,rt_cost_5000_pct,net_apr30_5000,net_apr14_5000,breakeven_d_5000,rt_slip_10000_bps,rt_cost_10000_pct,net_apr30_10000,net_apr14_10000,breakeven_d_10000,min_leg_depth25,rt_cost_1000_maker_pct,net_apr30_1000_maker,pass_1k,pass_10k,pair_cap
龙虾,aster,binance,1.10465,0.594198,1.0,91,0.18,10.819103,3.87503,2500,10000,37.7,0.557,1.036905,0.959482,1.839819,67.1,0.851,1.001146,0.882855,2.810961,227.5,2.455,0.806,0.464685,8.110722,3083,0.297,1.06852,1,0,2500
XMR,dydx,binance,0.976869,1.069122,0.976744,33,0.2,125.714286,0.191166,0,25000,129.0,1.49,0.795537,0.5883,5.568771,307.8,3.278,0.578009,0.122169,12.24913,339.6,3.596,0.539353,0.039335,13.436267,0,0.862,0.872013,0,0,0
XMR,dydx,bybit,0.984207,1.07194,0.976744,33,0.21,125.714286,0.191305,0,25000,134.2,1.552,0.795334,0.579479,5.757109,311.7,3.327,0.579383,0.116727,12.339597,343.8,3.648,0.54038,0.03315,13.528453,0,0.924,0.87181,0,0,0
BTW,aster,bitget,0.866254,0.849039,0.966667,20,0.2,11.53713,5.634467,10000,5000,43.9,0.639,0.788491,0.699618,2.693087,70.5,0.905,0.756194,0.630412,3.811573,114.5,1.345,0.702573,0.51551,5.668566,2631,0.47,0.809065,1,0,5000
XMR,dydx,bitget,0.980698,1.069787,0.976744,33,0.22,125.714286,7.637377,0,25000,136.6,1.586,0.787772,0.567286,5.901683,312.8,3.348,0.57334,0.107787,12.461275,344.3,3.663,0.535021,0.025675,13.633468,0,0.957,0.864248,0,0,0
BTW,aster,bybit,0.700195,0.745925,0.966292,66,0.19,11.53713,2.565089,10000,2500,37.1,0.561,0.631968,0.553994,2.923201,90.3,1.093,0.567219,0.415247,5.697366,148.5,1.675,0.496434,0.263564,8.730193,1489,0.392,0.652542,1,0,2500
XMR,dydx,aster,0.705026,0.871832,0.930233,6,0.18,125.714286,2.292132,0,25000,130.4,1.484,0.52446,0.3181,7.683355,308.0,3.26,0.308411,-0.144863,16.876615,340.6,3.586,0.268759,-0.229833,18.563888,0,0.856,0.600937,0,0,0
MAGMA,aster,bitget,0.583502,0.491785,0.989011,57,0.2,4.326694,6.336953,5000,10000,36.2,0.562,0.515169,0.437074,3.513246,74.7,0.947,0.468317,0.336676,5.922113,103.1,1.231,0.433694,0.262485,7.702193,2500,0.409,0.533782,1,0,5000
MAGMA,aster,bybit,0.553811,0.472684,1.0,91,0.19,4.326694,8.639309,5000,5000,35.0,0.54,0.488118,0.413041,3.55858,89.5,1.085,0.42177,0.270866,7.152685,152.8,1.718,0.344795,0.10592,11.32242,2202,0.387,0.506731,1,0,5000
MAGMA,aster,binance,0.519924,0.470315,1.0,91,0.18,4.326694,0.864043,5000,5000,25.2,0.432,0.467392,0.407355,3.031136,67.2,0.852,0.416245,0.297754,5.982382,117.8,1.358,0.354676,0.165822,9.534913,2500,0.279,0.486005,1,0,5000
UAI,aster,binance,0.48684,0.270543,1.0,91,0.18,16.562167,2.366024,25000,25000,22.9,0.409,0.437133,0.380325,3.063034,38.4,0.564,0.418281,0.339927,4.224745,52.1,0.701,0.40161,0.304204,5.252029,11806,0.243,0.457284,1,1,25000
UAI,aster,bitget,0.483795,0.278302,1.0,91,0.2,16.562167,5.920733,25000,10000,39.8,0.598,0.410999,0.327804,4.514036,50.7,0.707,0.397794,0.299506,5.332918,68.1,0.881,0.376616,0.254127,6.646117,6790,0.433,0.43115,1,0,10000
UAI,aster,bybit,0.481424,0.263471,0.978022,64,0.19,16.562167,4.738214,25000,2500,40.6,0.596,0.408959,0.326143,4.515645,90.5,1.095,0.348236,0.19602,8.299659,153.1,1.721,0.272016,0.032693,13.049275,1498,0.43,0.42911,1,0,2500
POWER,aster,binance,0.436129,0.381466,1.0,91,0.18,35.204856,6.066857,1000,2500,64.5,0.825,0.335772,0.221079,6.903238,2160.9,21.789,-2.214903,-5.244653,182.35647,2198.1,22.161,-2.260108,-5.341521,185.466003,1118,0.546,0.369689,1,0,1000
ONDO,dydx,binance,0.456695,0.39881,0.930233,14,0.2,80.298251,2.877284,0,25000,83.2,1.032,0.331163,0.187698,8.246117,83.4,1.034,0.330892,0.187116,8.26394,95.8,1.158,0.315838,0.154858,9.252815,0,0.63,0.380011,0,0,0
ONDO,dydx,bybit,0.453457,0.396807,0.883721,13,0.21,80.298251,2.876456,0,25000,83.2,1.042,0.326712,0.18186,8.385252,85.4,1.064,0.324062,0.176182,8.560565,98.1,1.191,0.308575,0.142996,9.585157,0,0.64,0.37556,0,0,0
ONDO,dydx,bitget,0.443969,0.386526,0.883721,13,0.22,80.298251,2.876456,0,25000,83.2,1.052,0.316005,0.16976,8.646829,87.1,1.091,0.311172,0.159405,8.973379,99.1,1.211,0.29662,0.128221,9.956728,0,0.65,0.364853,0,0,0
POWER,aster,bitget,0.412953,0.382422,0.956044,28,0.2,35.204856,13.317997,1000,5000,59.9,0.799,0.315784,0.204734,7.05909,2145.3,21.653,-2.221506,-5.232317,191.386861,2165.0,21.85,-2.245498,-5.283727,193.12978,1118,0.52,0.349701,1,0,1000
POWER,aster,bybit,0.451361,0.376486,0.989011,89,0.19,35.204856,10.888633,1000,500,99.4,1.184,0.307326,0.142714,9.573385,2311.2,23.302,-2.383661,-5.623686,188.43156,2352.7,23.717,-2.434237,-5.732062,191.793101,479,0.905,0.341243,0,0,500
ONDO,dydx,aster,0.442184,0.38578,0.860465,6,0.18,80.298251,8.629369,0,10000,95.8,1.138,0.303738,0.145515,9.392858,99.7,1.177,0.298988,0.135336,9.715113,113.8,1.318,0.281881,0.098677,10.875776,0,0.736,0.352586,0,0,0
TAO,dydx,binance,0.359504,0.258536,0.55814,2,0.2,32.663871,0.442233,10000,25000,33.4,0.534,0.294477,0.22016,5.426408,35.9,0.559,0.291445,0.213663,5.679418,41.8,0.618,0.284259,0.198265,6.279047,15429,0.371,0.314347,1,1,10000
TAO,dydx,bybit,0.35605,0.254087,0.488372,2,0.21,32.663871,0.441999,10000,25000,35.0,0.56,0.287889,0.20999,5.743125,38.5,0.595,0.283622,0.200847,6.10264,44.7,0.657,0.276145,0.184826,6.732587,15429,0.397,0.307759,1,1,10000
TAO,dydx,bitget,0.357612,0.256167,0.534884,2,0.22,32.663871,1.327463,10000,25000,37.1,0.591,0.285689,0.203491,6.033627,40.6,0.626,0.281415,0.194332,6.392185,46.6,0.686,0.274139,0.178741,7.002539,15429,0.428,0.305559,1,1,10000
RIVER,aster,bitget,0.322176,0.246396,1.0,91,0.2,14.781966,14.792899,5000,10000,29.6,0.496,0.261854,0.192914,5.617023,47.5,0.675,0.240089,0.146275,7.643706,68.8,0.888,0.214134,0.090657,10.060566,4999,0.342,0.280579,1,0,5000
RIVER,aster,binance,0.306187,0.231699,1.0,91,0.18,14.781966,7.388253,5000,25000,26.5,0.445,0.252055,0.19019,5.303811,43.0,0.61,0.232013,0.147243,7.267528,62.7,0.807,0.207963,0.095707,9.623916,4999,0.291,0.270781,1,0,5000
RIVER,aster,bybit,0.300126,0.229477,1.0,91,0.19,14.781966,7.393715,5000,2500,36.8,0.558,0.232219,0.154611,6.787852,86.6,1.056,0.171659,0.02484,12.841268,141.7,1.607,0.104581,-0.118899,19.546301,1576,0.404,0.250945,1,0,2500
ZEC,dydx,binance,0.289376,0.338848,0.906977,12,0.2,43.693308,0.116657,1000,25000,44.5,0.645,0.210885,0.121181,8.137249,54.2,0.742,0.199066,0.095856,9.362509,71.4,0.914,0.17812,0.050971,11.534023,944,0.42,0.238321,0,0,1000
ONDO,dydx,hl,0.3276,0.288849,0.651163,3,0.19,80.298251,1.149822,0,25000,82.0,1.01,0.204668,0.064174,11.257509,84.3,1.033,0.201928,0.058303,11.508419,97.3,1.163,0.186085,0.024353,12.959283,0,0.609,0.253516,0,0,0
TAO,dydx,aster,0.268785,0.173367,0.372093,1,0.18,32.663871,5.743699,10000,25000,40.1,0.581,0.1981,0.117318,7.889356,41.6,0.596,0.196263,0.113381,8.094408,47.9,0.659,0.188619,0.097,8.947616,15429,0.418,0.217971,1,1,10000
KITE,aster,binance,0.208587,0.192304,1.0,91,0.18,0.830875,1.662787,5000,10000,13.4,0.314,0.170396,0.126749,5.49284,52.9,0.709,0.122282,0.023647,12.412873,301.0,3.19,-0.179494,-0.623016,55.815758,3142,0.207,0.183348,1,0,5000
KITE,aster,bitget,0.211597,0.201978,1.0,91,0.2,0.830875,10.81126,5000,5000,20.1,0.401,0.162828,0.107092,6.914399,66.7,0.867,0.106139,-0.014385,14.951757,322.7,3.427,-0.205304,-0.681761,59.107724,3142,0.294,0.175781,1,0,5000
KITE,aster,bybit,0.219558,0.198829,1.0,91,0.19,0.830875,5.824354,5000,2500,29.0,0.48,0.161114,0.094321,7.985653,113.3,1.323,0.058544,-0.125471,22.00061,453.2,4.722,-0.355002,-1.011642,78.506802,1310,0.374,0.174067,1,0,2500
RUNE,dydx,binance,0.283067,0.210254,0.860465,3,0.2,80.82064,2.080949,0,25000,87.9,1.079,0.151741,0.001655,13.918166,95.5,1.155,0.142563,-0.018014,14.890925,117.9,1.379,0.115284,-0.076468,17.781995,0,0.675,0.200907,0,0,0
RUNE,dydx,bybit,0.285643,0.213044,0.860465,3,0.21,80.82064,4.160599,0,2500,95.8,1.168,0.143516,-0.018916,14.927096,134.1,1.551,0.096937,-0.118727,19.819098,170.5,1.915,0.052666,-0.213594,24.468697,0,0.764,0.192681,0,0,0
RUNE,dydx,bitget,0.278796,0.206473,0.697674,3,0.22,80.82064,4.162331,0,10000,91.6,1.136,0.140583,-0.017375,14.872523,106.7,1.287,0.122176,-0.056819,16.853213,135.7,1.577,0.086967,-0.132267,20.64191,0,0.732,0.189748,0,0,0
USELESS,aster,binance,0.124192,0.224678,1.0,91,0.18,20.458863,1.949128,2500,25000,29.7,0.477,0.066127,-0.000234,14.026366,55.7,0.737,0.03452,-0.067962,21.661295,81.3,0.993,0.003375,-0.134702,29.184835,1279,0.292,0.088723,1,0,2500
FIL,aster,binance,0.101842,0.106499,1.0,91,0.18,14.336918,1.432973,10000,25000,16.5,0.345,0.059924,0.012018,12.347897,32.7,0.507,0.040179,-0.030293,18.164343,33.6,0.516,0.039064,-0.032681,18.492636,13088,0.193,0.078379,1,0,10000
FIL,aster,bybit,0.103373,0.107492,1.0,91,0.19,14.336918,1.432767,10000,25000,20.3,0.393,0.055596,0.000993,13.865502,39.8,0.588,0.031822,-0.04995,20.764885,42.1,0.611,0.029023,-0.055949,21.577346,13088,0.241,0.07405,1,0,10000
FIL,aster,bitget,0.098304,0.102919,1.0,91,0.2,14.336918,1.432973,10000,25000,17.7,0.377,0.052441,2.5e-05,13.996419,36.3,0.563,0.029779,-0.048536,20.912201,40.4,0.604,0.024781,-0.059246,22.43749,13088,0.225,0.070895,1,0,10000
FET,aster,binance,0.106466,0.110306,1.0,91,0.18,26.041667,6.499838,5000,25000,35.9,0.539,0.04086,-0.034119,18.486554,47.1,0.651,0.027243,-0.063298,22.323535,90.5,1.085,-0.025485,-0.176286,37.181208,4057,0.329,0.066435,0,0,5000
LDO,aster,binance,0.091971,0.097866,1.0,91,0.18,21.609941,2.698691,5000,25000,28.1,0.461,0.035852,-0.028283,18.305363,43.0,0.61,0.017696,-0.06719,24.227767,131.3,1.493,-0.089697,-0.297317,59.258179,6365,0.273,0.058732,0,0,5000
LDO,aster,bybit,0.094304,0.099348,1.0,91,0.19,21.609941,5.402485,5000,25000,29.3,0.483,0.035535,-0.031629,18.69549,45.3,0.643,0.016037,-0.073411,24.898292,135.5,1.545,-0.093695,-0.308552,59.806371,6365,0.295,0.058415,0,0,5000
USELESS,aster,bitget,0.108899,0.221044,1.0,91,0.2,20.458863,14.565228,2500,10000,43.3,0.633,0.03188,-0.056141,21.217454,74.3,0.943,-0.005812,-0.13691,31.601112,103.4,1.234,-0.041275,-0.212903,41.370733,1279,0.447,0.054476,0,0,2500
USELESS,aster,okx,0.111347,0.227346,1.0,91,0.18,20.458863,2.936714,2500,1000,48.1,0.661,0.030979,-0.06087,21.653426,105.2,1.232,-0.038532,-0.209822,40.381528,159.6,1.776,-0.104709,-0.351629,58.211447,1037,0.475,0.053575,0,0,1000
USELESS,aster,bybit,0.094938,0.210856,0.967033,24,0.19,20.458863,4.875433,2500,25000,35.9,0.549,0.028178,-0.048119,21.095784,65.3,0.843,-0.007603,-0.124792,32.40241,94.0,1.13,-0.042579,-0.199742,43.454907,1279,0.363,0.050774,0,0,2500
WIF,aster,bybit,0.090398,0.094796,1.0,91,0.19,25.06894,5.021341,5000,25000,32.7,0.517,0.027499,-0.044386,20.874101,51.0,0.7,0.005257,-0.092047,28.25542,79.3,0.983,-0.029248,-0.165986,39.706338,4654,0.312,0.05249,0,0,5000
WIF,aster,binance,0.085508,0.091101,1.0,91,0.18,25.06894,5.016303,5000,25000,30.8,0.488,0.026182,-0.041619,20.814152,50.2,0.682,0.002552,-0.092255,29.104639,80.0,0.98,-0.033686,-0.169909,41.818684,4654,0.282,0.051174,0,0,5000
ZRO,aster,binance,0.080853,0.080566,1.0,91,0.18,11.805214,1.967536,5000,25000,27.5,0.455,0.025538,-0.037678,20.524112,51.0,0.69,-0.003037,-0.098912,31.127002,163.2,1.812,-0.139594,-0.391533,81.795338,3199,0.249,0.050603,0,0,5000
AR,aster,binance,0.08856,0.085891,1.0,91,0.18,22.79462,4.552697,2500,10000,33.9,0.519,0.025406,-0.046769,21.393468,69.3,0.873,-0.017673,-0.139083,35.986873,81.4,0.994,-0.032428,-0.1707,40.985016,1000,0.325,0.049006,0,0,2500
FET,aster,bitget,0.0972,0.100421,1.0,91,0.2,26.041667,6.504065,5000,25000,39.6,0.596,0.024631,-0.058306,22.397932,52.7,0.727,0.008724,-0.092391,27.307407,96.5,1.165,-0.044556,-0.206563,43.751934,4057,0.386,0.050206,0,0,5000
LDO,aster,bitget,0.091289,0.098509,1.0,91,0.2,21.609941,5.403945,5000,25000,35.0,0.55,0.02432,-0.052216,22.007794,48.0,0.68,0.008511,-0.086093,27.203173,135.3,1.553,-0.09765,-0.313579,62.090263,6365,0.362,0.047199,0,0,5000
ZRO,aster,bybit,0.078967,0.079155,1.0,91,0.19,11.805214,0.984397,5000,25000,27.7,0.467,0.02214,-0.042805,21.588835,54.5,0.735,-0.01042,-0.112577,33.958723,165.8,1.848,-0.145832,-0.402744,85.402244,3199,0.261,0.047205,0,0,5000
WIF,aster,dydx,0.12071,0.129783,1.0,43,0.18,25.06894,38.158357,5000,10000,63.2,0.812,0.021877,-0.091076,24.56304,76.1,0.941,0.006267,-0.124526,28.442544,106.2,1.242,-0.030363,-0.203019,37.546226,4654,0.607,0.046868,0,0,5000
WIF,aster,bitget,0.082699,0.084907,1.0,91,0.2,25.06894,5.018821,5000,25000,36.5,0.565,0.013898,-0.064732,24.958446,52.2,0.722,-0.005195,-0.105646,31.884702,83.6,1.036,-0.043292,-0.187281,45.704555,4654,0.36,0.038889,0,0,5000
ZRO,aster,bitget,0.079249,0.077971,1.0,91,0.2,11.805214,4.917146,5000,25000,34.2,0.542,0.013337,-0.06199,24.951116,58.3,0.783,-0.016025,-0.124909,36.06614,168.5,1.885,-0.150091,-0.412195,86.81767,3199,0.336,0.038402,0,0,5000
KAS,aster,binance,0.081526,0.080528,1.0,91,0.18,29.038113,3.633061,2500,10000,39.3,0.573,0.011813,-0.067858,25.652884,73.8,0.918,-0.030205,-0.157898,41.114994,124.3,1.423,-0.091563,-0.289379,63.693454,2063,0.348,0.039212,0,0,2500
KAS,aster,bybit,0.082899,0.082099,0.978022,82,0.19,29.038113,3.638348,2500,10000,41.0,0.6,0.009959,-0.073402,26.396115,73.2,0.922,-0.029272,-0.157467,40.592981,123.8,1.428,-0.090856,-0.289432,62.879383,2063,0.374,0.037357,0,0,2500
AR,aster,bitget,0.088239,0.082096,1.0,91,0.2,22.79462,4.554771,2500,5000,44.6,0.646,0.009665,-0.080133,26.713885,94.9,1.149,-0.051515,-0.211233,47.51424,115.1,1.351,-0.076153,-0.26403,55.891052,1000,0.452,0.033265,0,0,2500
AR,aster,bybit,0.092603,0.087731,1.0,91,0.19,22.79462,9.11577,2500,2500,51.3,0.703,0.007038,-0.09075,27.719788,109.5,1.285,-0.063769,-0.24248,50.658861,146.7,1.657,-0.108999,-0.339401,65.311599,1000,0.509,0.030638,0,0,2500
KAS,aster,bitget,0.081853,0.078268,0.978022,82,0.2,29.038113,10.899183,2500,25000,41.6,0.616,0.006847,-0.078875,27.490605,71.9,0.919,-0.02997,-0.157767,40.984185,120.2,1.402,-0.088664,-0.283541,62.496323,2063,0.391,0.034245,0,0,2500
FIL,aster,dydx,0.108485,0.110349,1.0,43,0.18,14.336918,54.456864,10000,0,68.8,0.868,0.002888,-0.117794,29.201346,89.6,1.076,-0.022428,-0.172044,36.20224,102.1,1.201,-0.037644,-0.204649,40.409909,0,0.716,0.021342,0,0,0
ICP,aster,dydx,0.094918,0.085027,0.976744,35,0.18,4.112688,53.883964,10000,0,61.1,0.791,-0.001326,-0.11132,30.41923,71.7,0.897,-0.014212,-0.138932,34.491919,79.1,0.971,-0.023278,-0.158358,37.357145,0,0.659,0.014687,0,0,0
LDO,aster,dydx,0.1037,0.107033,1.0,43,0.18,21.609941,78.304307,5000,0,99.9,1.179,-0.039762,-0.203719,41.502999,109.7,1.277,-0.051674,-0.229245,44.949204,199.7,2.177,-0.161174,-0.463888,76.627122,0,0.991,-0.016883,0,0,0
ZRO,aster,dydx,0.097451,0.100616,0.976744,32,0.18,11.805214,78.585462,5000,0,100.0,1.18,-0.046077,-0.210108,44.184585,133.2,1.512,-0.086527,-0.296788,56.637156,261.9,2.799,-0.243145,-0.632398,104.851495,0,0.974,-0.021012,0,0,0
MORPHO,dydx,aster,0.106107,0.219489,0.604651,4,0.18,89.966751,15.240626,0,2500,115.8,1.338,-0.05671,-0.242786,46.033749,3375.2,33.932,-4.022261,-8.740395,1167.227737,3930.6,39.486,-4.697986,-10.188379,1358.278012,0,0.888,-0.00198,0,0,0
ZEN,aster,binance,0.092098,0.090746,1.0,91,0.18,150.560224,3.534193,0,25000,171.1,1.891,-0.137991,-0.400949,74.949087,905.5,9.235,-1.031451,-2.315507,365.984848,913.7,9.317,-1.041472,-2.33698,369.248914,0,0.945,-0.022842,0,0,0
ZEN,aster,bybit,0.095237,0.093757,1.0,91,0.19,150.560224,8.826904,0,2500,183.2,2.022,-0.150829,-0.432047,77.511671,936.3,9.553,-1.067043,-2.395364,366.122552,968.5,9.875,-1.106202,-2.479275,378.457595,0,1.076,-0.03568,0,0,0
SPX,aster,dydx,0.131304,0.112697,0.976744,39,0.18,25.516713,1227.68403,2500,0,1865.1,18.831,-2.1598,-4.778204,523.465496,2062.2,20.802,-2.399624,-5.292114,578.259973,2365.9,23.839,-2.769109,-6.083866,662.678871,0,18.623,-2.134544,0,0,0
ZEN,aster,dydx,0.103462,0.104798,1.0,43,0.18,150.560224,662.011426,0,0,2124.5,21.425,-2.50326,-5.48237,755.849022,4463.3,44.813,-5.348768,-11.579888,1580.936987,4552.0,45.7,-5.45674,-11.811256,1612.244674,0,20.479,-2.388111,0,0,0
