coin,short_venue,long_venue,iv_short,iv_long,overlap_days,apr_90d,apr_30d,apr_14d,pos_day_frac,persist_3bps,persist_10bps,persist_25bps,cond1_pos,cond7_pos,n_episodes,med_ep_days,max_ep_days,med_ep_slope_apr_day,trend_apr_pts_day,trend7_apr_pts_day,max_dd_notional,daily_std,live_gross_apr,cost_roundtrip,net_apr_14d_hold,net_apr_30d_hold,net_apr_ep_hold,flag
龙虾,aster,binance,1.0,4.0,89.875,0.594198,1.10465,1.21166,1.0,0.868132,0.56044,0.252747,0.989011,0.923077,1,91,91,0.013594,0.013594,0.013621,0.000145,0.001378,0.877205,0.0018,0.547269,0.572298,0.586978,E1
龙虾,aster,bitget,1.0,4.0,89.875,0.421868,0.948994,1.309238,0.758242,0.626374,0.43956,0.208791,0.869565,0.652174,9,4,22,-0.028372,0.015001,0.014503,0.006082,0.001681,0.183434,0.002,0.369725,0.397535,0.239368,E1
BTW,aster,bitget,1.0,4.0,88.708333,0.849039,0.866254,0.312539,0.966667,0.944444,0.733333,0.355556,0.965517,0.896552,3,20,66,0.057028,0.000871,0.003619,0.005996,0.001836,0.432656,0.002,0.796896,0.824706,0.812539,E1
BTW,aster,bybit,1.0,4.0,88.041667,0.745925,0.700195,0.272531,0.966292,0.921348,0.674157,0.303371,0.976744,0.895349,2,66,66,0.066913,-0.000983,0.001902,0.006535,0.001843,0.165936,0.0019,0.69639,0.722809,0.735418,E1
MAGMA,aster,bitget,1.0,4.0,89.875,0.491785,0.583502,0.616837,0.989011,0.912088,0.56044,0.153846,0.977778,0.911111,2,57,57,0.00143,0.000215,-0.000719,0.000876,0.000949,0.63256,0.002,0.439642,0.467452,0.478978,E1
MAGMA,aster,bybit,1.0,4.0,89.875,0.472684,0.553811,0.582954,1.0,0.934066,0.571429,0.10989,0.989011,0.923077,1,91,91,0.001009,0.001009,0.000229,0.000293,0.000854,0.63256,0.0019,0.423148,0.449567,0.465063,E1
MAGMA,aster,binance,1.0,4.0,89.875,0.470315,0.519924,0.54585,1.0,0.923077,0.604396,0.076923,0.989011,0.923077,1,91,91,-0.000122,-0.000122,-0.000788,0.000104,0.000826,0.63256,0.0018,0.423387,0.448415,0.463096,E1
CYS,aster,bitget,1.0,4.0,89.875,0.370796,0.499246,0.671949,0.945055,0.835165,0.428571,0.076923,0.94186,0.883721,5,6,63,0.027373,0.005083,0.0054,0.011197,0.001346,0.0,0.002,0.318653,0.346462,0.249129,E1
UAI,aster,binance,1.0,4.0,89.875,0.270543,0.48684,0.527458,1.0,0.56044,0.285714,0.021978,0.989011,0.923077,1,91,91,0.005936,0.005936,0.004908,0.000159,0.000676,1.416667,0.0018,0.223615,0.248643,0.263324,E1
UAI,aster,bitget,1.0,4.0,89.875,0.278302,0.483795,0.553689,1.0,0.571429,0.274725,0.043956,0.989011,0.923077,1,91,91,0.00618,0.00618,0.005111,0.000247,0.000724,1.45381,0.002,0.22616,0.253969,0.27028,E1
UAI,aster,bybit,1.0,4.0,89.875,0.263471,0.481424,0.549599,0.978022,0.538462,0.252747,0.043956,0.977528,0.898876,2,64,64,0.009307,0.00634,0.005276,0.000306,0.000734,1.45381,0.0019,0.213935,0.240354,0.252635,E1
CYS,aster,bybit,1.0,4.0,89.875,0.358615,0.4716,0.665887,0.934066,0.824176,0.43956,0.065934,0.929412,0.870588,6,12,40,0.008515,0.004694,0.005008,0.010442,0.001283,0.0,0.0019,0.309079,0.335498,0.300823,E1
POWER,aster,bybit,1.0,4.0,89.875,0.376486,0.451361,0.399716,0.989011,0.824176,0.472527,0.043956,0.977778,0.922222,2,89,89,0.000897,0.00122,0.002069,0.000304,0.000727,0.0,0.0019,0.32695,0.353369,0.368693,E1
CYS,aster,binance,1.0,4.0,89.875,0.346388,0.441045,0.633836,0.945055,0.835165,0.43956,0.065934,0.94186,0.883721,5,6,63,0.021296,0.004325,0.004604,0.011536,0.001309,0.570867,0.0018,0.29946,0.324488,0.236888,E1
POWER,aster,binance,1.0,4.0,89.875,0.381466,0.436129,0.416162,1.0,0.879121,0.450549,0.032967,0.989011,0.923077,1,91,91,0.000488,0.000488,0.001251,0.000191,0.000667,0.0,0.0018,0.334538,0.359566,0.374247,E1
CASHCAT,aster,bybit,1.0,4.0,27.041667,0.432695,0.417885,0.408357,0.785714,0.75,0.464286,0.214286,0.818182,0.454545,4,7,8,0.007057,-0.006788,-0.021551,0.004098,0.001935,0.617054,0.0019,0.383159,0.409578,0.333623,E1
POWER,aster,bitget,1.0,4.0,89.875,0.382422,0.412953,0.401642,0.956044,0.868132,0.472527,0.021978,0.954023,0.873563,4,28,37,-0.001688,-0.000445,0.00041,0.00074,0.000749,0.0,0.002,0.330279,0.358089,0.35635,E1
AEON,aster,okx,1.0,4.0,35.875,0.330683,0.398312,0.042458,0.756757,0.756757,0.459459,0.108108,0.857143,0.75,4,2,24,-0.029296,-0.013491,-0.003817,0.007835,0.001702,0.05475,0.0018,0.283755,0.308783,0.002183,E1
AEON,aster,bitget,1.0,4.0,35.875,0.271756,0.351851,0.031779,0.756757,0.72973,0.432432,0.081081,0.857143,0.75,4,2,24,-0.023079,-0.009885,0.00226,0.006879,0.001553,0.0,0.002,0.219614,0.247423,-0.093244,E1
RIVER,aster,bitget,1.0,4.0,89.875,0.246396,0.322176,0.286919,1.0,0.615385,0.21978,0.010989,0.989011,0.923077,1,91,91,-0.000306,-0.000306,-0.000578,8e-05,0.000538,0.0,0.002,0.194253,0.222063,0.238374,E1
RIVER,aster,binance,1.0,4.0,89.875,0.231699,0.306187,0.271097,1.0,0.615385,0.208791,0.010989,0.989011,0.923077,1,91,91,-0.000109,-0.000109,-0.000415,4.4e-05,0.000503,0.0,0.0018,0.18477,0.209799,0.224479,E1
LAB,aster,okx,1.0,4.0,73.708333,-4.308383,0.305162,0.143191,0.76,0.6,0.253333,0.013333,0.947368,0.859649,3,1,55,-0.002595,0.235509,0.208565,0.915897,0.03476,0.05475,0.0018,-4.355311,-4.330283,,E1
RIVER,aster,bybit,1.0,4.0,89.875,0.229477,0.300126,0.272366,1.0,0.571429,0.208791,0.010989,0.989011,0.923077,1,91,91,-0.000308,-0.000308,-0.000655,8e-05,0.000513,0.0,0.0019,0.179942,0.206361,0.221856,E1
VELVET,aster,bitget,1.0,4.0,89.875,0.131396,0.286457,0.07484,0.835165,0.472527,0.164835,0.043956,0.907895,0.763158,7,7,27,0.000947,0.000913,0.000875,0.010097,0.001017,0.0,0.002,0.079254,0.107063,0.027111,E1
XMR,aster,bybit,1.0,8.0,89.708333,0.16397,0.279423,0.412113,0.868132,0.505495,0.153846,0.010989,0.911392,0.822785,7,9,24,0.001884,0.002851,0.002302,0.003195,0.000575,0.0,0.0019,0.114434,0.140853,0.086914,E1
XMR,aster,bitget,1.0,8.0,89.708333,0.161091,0.275915,0.413073,0.868132,0.505495,0.131868,0.010989,0.911392,0.822785,7,9,24,0.001857,0.002809,0.002245,0.003247,0.00057,0.0,0.002,0.108948,0.136758,0.07998,E1
BEAT,aster,bybit,1.0,4.0,89.875,0.281525,0.257759,0.190967,0.912088,0.725275,0.285714,0.076923,0.915663,0.855422,7,6,51,-0.00861,-0.003328,-0.003543,0.003509,0.000968,0.0,0.0019,0.231989,0.258408,0.165941,E1
VELVET,aster,binance,1.0,4.0,89.875,0.109565,0.254603,0.083698,0.791209,0.384615,0.131868,0.032967,0.888889,0.722222,8,7,27,0.006687,0.001313,0.001259,0.008353,0.000867,0.0,0.0018,0.062636,0.087665,0.015708,E1
BEAT,aster,binance,1.0,4.0,89.875,0.267902,0.254519,0.194691,0.879121,0.714286,0.252747,0.054945,0.8875,0.825,9,5,42,-0.003788,-0.002977,-0.003098,0.003509,0.000943,0.0,0.0018,0.220973,0.246002,0.136502,E1
VELVET,aster,bybit,1.0,4.0,89.875,0.093369,0.243739,0.063896,0.791209,0.428571,0.098901,0.043956,0.875,0.708333,9,7,19,-0.002588,0.00118,0.001094,0.010159,0.000943,0.0,0.0019,0.043833,0.070252,-0.005703,E1
BEAT,aster,bitget,1.0,4.0,89.875,0.25952,0.241974,0.18326,0.89011,0.648352,0.241758,0.065934,0.888889,0.839506,9,4,33,-0.011485,-0.003304,-0.003269,0.003509,0.000975,0.0,0.002,0.207377,0.235186,0.07702,E1
KITE,aster,bybit,1.0,4.0,89.875,0.198829,0.219558,0.342233,1.0,0.56044,0.142857,0.010989,0.989011,0.923077,1,91,91,-7.3e-05,-7.3e-05,-0.000327,0.00011,0.00042,0.0,0.0019,0.149293,0.175712,0.191208,E1
BEAT,aster,okx,1.0,4.0,89.916667,0.265296,0.213839,0.132553,0.846154,0.725275,0.274725,0.043956,0.87013,0.792208,10,4,33,-0.02495,-0.003379,-0.003478,0.003509,0.000907,0.05475,0.0018,0.218367,0.243396,0.101046,E1
KITE,aster,bitget,1.0,4.0,89.875,0.201978,0.211597,0.34268,1.0,0.516484,0.142857,0.010989,0.989011,0.923077,1,91,91,-0.000494,-0.000494,-0.000765,3.8e-05,0.000448,0.0,0.002,0.149835,0.177645,0.193956,E1
KITE,aster,binance,1.0,4.0,89.875,0.192304,0.208587,0.335803,1.0,0.505495,0.120879,0.010989,0.989011,0.923077,1,91,91,-0.000152,-0.000152,-0.000413,3.8e-05,0.000413,0.0,0.0018,0.145376,0.170404,0.185085,E1
LAB,aster,bitget,1.0,1.0,89.916667,0.129982,0.18122,0.073024,0.714286,0.406593,0.263736,0.10989,0.830769,0.661538,11,1,34,-0.003318,0.00155,0.001029,0.035753,0.002584,0.0,0.002,0.077839,0.105649,,E1
VVV,aster,bybit,1.0,4.0,89.875,-0.015644,0.178416,0.213817,0.747253,0.340659,0.043956,0.0,0.941176,0.794118,4,8,53,0.004216,0.007169,0.006773,0.027977,0.000985,0.0,0.0019,-0.06518,-0.038761,-0.102332,E1
VVV,aster,binance,1.0,4.0,89.875,-0.013592,0.17808,0.215977,0.758242,0.285714,0.043956,0.0,0.927536,0.797101,5,4,53,0.004362,0.006998,0.006611,0.027019,0.000974,0.0,0.0018,-0.060521,-0.035492,-0.177842,E1
VVV,aster,bitget,1.0,4.0,89.875,-0.022835,0.174397,0.211549,0.758242,0.285714,0.043956,0.0,0.927536,0.797101,5,4,53,0.004288,0.007244,0.006801,0.028578,0.001006,0.0,0.002,-0.074977,-0.047168,-0.205335,E1
FIL,aster,hl,1.0,1.0,90.0,0.125265,0.13284,0.115417,0.923077,0.494505,0.010989,0.0,0.964286,0.857143,3,28,48,0.001522,0.000165,8.2e-05,0.000201,0.000289,0.0,0.0017,0.080944,0.104582,0.103105,E1
SPX,aster,dydx,1.0,1.0,41.666667,0.112697,0.131304,0.167954,0.976744,0.465116,0.0,0.0,0.952381,0.833333,2,39,39,0.027977,0.003212,0.003859,0.000167,0.000193,0.1095,0.0018,0.065769,0.090797,0.095851,E1
GRAM,aster,bybit,1.0,4.0,61.0,0.081674,0.124666,0.19898,0.854839,0.209677,0.048387,0.0,0.886792,0.754717,6,6,26,-0.001139,0.00253,0.002362,0.002069,0.000359,0.0,0.0019,0.032138,0.058557,-0.033909,E1
USELESS,aster,binance,1.0,4.0,89.875,0.224678,0.124192,0.079976,1.0,0.428571,0.175824,0.043956,0.989011,0.923077,1,91,91,-0.004039,-0.004039,-0.003718,9.8e-05,0.000688,0.133962,0.0018,0.177749,0.202778,0.217458,E1
AEON,aster,bybit,1.0,4.0,19.041667,0.128631,0.122467,0.034015,0.6,0.6,0.25,0.0,0.75,0.416667,3,2,8,0.013637,-0.034417,-0.029896,0.003665,0.000903,0.0,0.0019,0.079095,0.105514,-0.218119,E1
GRAM,aster,binance,1.0,4.0,61.0,0.089092,0.121594,0.194019,0.903226,0.193548,0.032258,0.0,0.892857,0.785714,6,8,26,-0.003721,0.00218,0.002215,0.001613,0.000334,0.0,0.0018,0.042164,0.067192,0.006967,E1
WIF,aster,dydx,1.0,1.0,41.666667,0.129783,0.12071,0.106602,1.0,0.930233,0.0,0.0,0.976744,0.837209,1,43,43,-0.001046,-0.001046,-0.000306,7e-06,8.9e-05,0.1095,0.0018,0.082855,0.107883,0.114504,E1
GRAM,aster,bitget,1.0,4.0,61.0,0.064947,0.119041,0.195295,0.83871,0.177419,0.032258,0.0,0.903846,0.730769,5,6,26,-0.002336,0.003098,0.002844,0.002984,0.000401,0.0,0.002,0.012804,0.040614,-0.056719,E1
LAB,aster,bybit,1.0,1.0,89.916667,0.648876,0.114437,0.014452,0.56044,0.373626,0.230769,0.131868,0.588235,0.470588,21,2,8,-0.001097,-0.013277,-0.022335,0.109098,0.021392,0.0,0.0019,0.599341,0.62576,0.302126,E1
USELESS,aster,okx,1.0,4.0,89.916667,0.227346,0.111347,0.088019,1.0,0.43956,0.175824,0.043956,0.989011,0.923077,1,91,91,-0.004407,-0.004407,-0.004212,0.000126,0.000709,0.320129,0.0018,0.180418,0.205446,0.220127,E1
USELESS,aster,bitget,1.0,4.0,89.875,0.221044,0.108899,0.071427,1.0,0.417582,0.175824,0.043956,0.989011,0.923077,1,91,91,-0.004342,-0.004342,-0.004065,0.000116,0.000695,0.0,0.002,0.168901,0.19671,0.213022,E1
FIL,aster,dydx,1.0,1.0,41.666667,0.110349,0.108485,0.106719,1.0,0.860465,0.0,0.0,0.976744,0.837209,1,43,43,0.000102,0.000102,0.000659,5e-06,4.4e-05,0.1095,0.0018,0.063421,0.088449,0.09507,E1
FET,aster,binance,1.0,8.0,89.708333,0.110306,0.106466,0.103899,1.0,0.461538,0.0,0.0,0.989011,0.923077,1,91,91,-1e-05,-1e-05,0.000113,3.4e-05,4.1e-05,0.03515,0.0018,0.063378,0.088406,0.103087,E1
LIT,aster,bybit,1.0,4.0,89.875,0.092774,0.104889,0.144584,0.879121,0.318681,0.021978,0.0,0.925,0.775,6,13,32,-0.000594,6.3e-05,-0.00012,0.003363,0.000364,0.148175,0.0019,0.043238,0.069657,0.039428,E1
SPX,aster,bybit,1.0,4.0,89.875,0.031827,0.104081,0.140905,0.791209,0.087912,0.0,0.0,0.875,0.708333,9,4,36,0.001784,0.002083,0.001919,0.004979,0.000442,0.0,0.0019,-0.017709,0.00871,-0.141548,E1
SPX,aster,bitget,1.0,4.0,89.875,0.030185,0.104081,0.140905,0.791209,0.087912,0.0,0.0,0.875,0.708333,9,4,36,0.001784,0.002153,0.001996,0.005149,0.000446,0.0,0.002,-0.021958,0.005852,-0.152315,E1
SPX,aster,binance,1.0,4.0,89.875,0.031946,0.10396,0.140646,0.791209,0.098901,0.0,0.0,0.875,0.708333,9,4,36,0.001784,0.002057,0.001882,0.004902,0.000429,0.0,0.0018,-0.014982,0.010046,-0.132304,E1
LDO,aster,dydx,1.0,1.0,41.666667,0.107033,0.1037,0.099355,1.0,0.488372,0.0,0.0,0.976744,0.837209,1,43,43,-0.000177,-0.000177,0.000366,3e-05,4.7e-05,0.1095,0.0018,0.060105,0.085133,0.091754,E1
ZEN,aster,dydx,1.0,1.0,41.666667,0.104798,0.103462,0.10009,1.0,0.302326,0.0,0.0,0.976744,0.837209,1,43,43,3.1e-05,3.1e-05,0.000671,2.9e-05,4.8e-05,0.071394,0.0018,0.057869,0.082898,0.089519,E1
FIL,aster,bybit,1.0,8.0,89.708333,0.107492,0.103373,0.099861,1.0,0.351648,0.0,0.0,0.989011,0.923077,1,91,91,-6.8e-05,-6.8e-05,3.6e-05,8e-06,4.1e-05,0.0,0.0019,0.057956,0.084375,0.099871,E1
FIL,aster,binance,1.0,8.0,89.708333,0.106499,0.101842,0.09861,1.0,0.307692,0.0,0.0,0.989011,0.923077,1,91,91,-0.000107,-0.000107,-2.4e-05,8e-06,4.2e-05,0.050534,0.0018,0.059571,0.084599,0.099279,E1
FIL,aster,bitget,1.0,8.0,89.708333,0.102919,0.098304,0.097526,1.0,0.208791,0.0,0.0,0.989011,0.923077,1,91,91,-0.000113,-0.000113,-2e-05,8e-06,3.9e-05,0.0,0.002,0.050776,0.078585,0.094897,E1
ZRO,aster,dydx,1.0,1.0,41.666667,0.100616,0.097451,0.086017,0.976744,0.511628,0.0,0.0,0.952381,0.809524,2,32,32,0.000598,-0.000222,0.000176,0.000663,0.00011,0.1095,0.0018,0.053688,0.078716,0.080085,E1
FET,aster,bitget,1.0,8.0,89.708333,0.100421,0.0972,0.096096,1.0,0.10989,0.0,0.0,0.989011,0.923077,1,91,91,-5e-05,-5e-05,6.2e-05,3.4e-05,4e-05,0.0,0.002,0.048278,0.076087,0.092399,E1
ZEN,aster,bybit,1.0,8.0,89.708333,0.093757,0.095237,0.088212,1.0,0.131868,0.0,0.0,0.989011,0.923077,1,91,91,4.4e-05,4.4e-05,0.000155,6.9e-05,4.9e-05,0.212835,0.0019,0.044221,0.07064,0.086136,E1
USELESS,aster,bybit,1.0,4.0,89.875,0.210856,0.094938,0.064222,0.967033,0.384615,0.164835,0.043956,0.954545,0.886364,4,24,60,-0.006616,-0.004573,-0.004316,0.000204,0.000712,0.0,0.0019,0.161321,0.18774,0.181961,E1
ICP,aster,dydx,1.0,1.0,41.666667,0.085027,0.094918,0.105085,0.976744,0.325581,0.0,0.0,0.952381,0.809524,2,35,35,0.005436,0.001427,0.001788,0.000223,8.6e-05,0.1095,0.0018,0.038098,0.063127,0.066255,E1
LDO,aster,bybit,1.0,8.0,89.708333,0.099348,0.094304,0.088643,1.0,0.164835,0.0,0.0,0.989011,0.923077,1,91,91,-0.000111,-0.000111,1.8e-05,3.9e-05,3.7e-05,0.0,0.0019,0.049812,0.076231,0.091727,E1
AR,aster,bybit,1.0,8.0,89.708333,0.087731,0.092603,0.094063,1.0,0.043956,0.0,0.0,0.989011,0.923077,1,91,91,0.000154,0.000154,0.000202,0.000107,5e-05,0.0,0.0019,0.038195,0.064614,0.08011,E1
ZEN,aster,binance,1.0,8.0,89.708333,0.090746,0.092098,0.087859,1.0,0.021978,0.0,0.0,0.989011,0.923077,1,91,91,2.4e-05,2.4e-05,0.000123,4.7e-05,4e-05,0.046636,0.0018,0.043817,0.068846,0.083526,E1
LDO,aster,binance,1.0,8.0,89.708333,0.097866,0.091971,0.088031,1.0,0.043956,0.0,0.0,0.989011,0.923077,1,91,91,-0.000158,-0.000158,-4.7e-05,3e-05,3.4e-05,0.0,0.0018,0.050937,0.075966,0.090646,E1
TAO,aster,binance,1.0,4.0,89.875,0.057999,0.091356,0.096556,0.813187,0.098901,0.0,0.0,0.918919,0.783784,6,10,35,0.001919,0.000923,0.000907,0.002011,0.000164,0.0,0.0018,0.01107,0.036099,-0.007701,E1
LDO,aster,bitget,1.0,8.0,89.708333,0.098509,0.091289,0.08834,1.0,0.153846,0.0,0.0,0.989011,0.923077,1,91,91,-0.000109,-0.000109,1.8e-05,3.9e-05,3.9e-05,0.10074,0.002,0.046366,0.074176,0.090487,E1
WIF,aster,bybit,1.0,4.0,89.875,0.094796,0.090398,0.087361,1.0,0.153846,0.0,0.0,0.989011,0.923077,1,91,91,-5.5e-05,-5.5e-05,4e-06,4.2e-05,5e-05,0.0,0.0019,0.04526,0.071679,0.087175,E1
TAO,aster,bitget,1.0,4.0,89.875,0.051666,0.089463,0.096092,0.791209,0.054945,0.0,0.0,0.888889,0.763889,8,7,35,0.002085,0.001015,0.00097,0.002609,0.000179,0.0,0.002,-0.000477,0.027333,-0.05262,E1
AR,aster,binance,1.0,8.0,89.708333,0.085891,0.08856,0.090141,1.0,0.0,0.0,0.0,0.989011,0.923077,1,91,91,8.3e-05,8.3e-05,0.00015,0.000105,4.6e-05,0.0,0.0018,0.038962,0.063991,0.078671,E1
AR,aster,bitget,1.0,8.0,89.708333,0.082096,0.088239,0.090051,1.0,0.0,0.0,0.0,0.989011,0.923077,1,91,91,0.000159,0.000159,0.000216,0.000133,5.2e-05,0.0,0.002,0.029954,0.057763,0.074074,E1
DASH,aster,binance,1.0,8.0,89.708333,0.058792,0.08559,0.11398,0.868132,0.032967,0.0,0.0,0.886076,0.797468,9,3,35,0.000945,0.000551,0.000575,0.000574,0.000151,0.068448,0.0018,0.011863,0.036892,-0.160208,E1
WIF,aster,binance,1.0,4.0,89.875,0.091101,0.085508,0.079347,1.0,0.054945,0.0,0.0,0.989011,0.923077,1,91,91,-0.000113,-0.000113,-2.6e-05,4.2e-05,4.1e-05,0.0,0.0018,0.044173,0.069201,0.083881,E1
ICP,aster,bybit,1.0,8.0,89.708333,0.055517,0.085318,0.093488,0.857143,0.010989,0.0,0.0,0.871795,0.794872,10,4,35,0.000725,0.000716,0.000717,0.000914,0.000149,0.072883,0.0019,0.005981,0.0324,-0.117858,E1
ICP,aster,binance,1.0,8.0,89.708333,0.059331,0.084347,0.091456,0.901099,0.021978,0.0,0.0,0.914634,0.841463,7,6,50,0.002401,0.000599,0.00062,0.000778,0.000136,0.0,0.0018,0.012403,0.037431,-0.050169,E1
ICP,aster,bitget,1.0,8.0,89.708333,0.052474,0.083459,0.090185,0.846154,0.021978,0.0,0.0,0.87013,0.792208,10,4,35,0.000482,0.00076,0.000769,0.000894,0.000148,0.086505,0.002,0.000331,0.028141,-0.130026,E1
KAS,aster,bybit,1.0,4.0,89.875,0.082099,0.082899,0.081232,0.978022,0.043956,0.0,0.0,0.977528,0.898876,2,82,82,0.002631,9e-05,0.000154,0.000226,5.5e-05,0.0,0.0019,0.032563,0.058982,0.073641,E1
DASH,aster,bitget,1.0,8.0,89.708333,0.053672,0.082732,0.112988,0.846154,0.032967,0.0,0.0,0.896104,0.766234,8,9,35,0.000449,0.000582,0.000577,0.00086,0.000162,0.0,0.002,0.00153,0.029339,-0.027439,E1
WIF,aster,bitget,1.0,4.0,89.875,0.084907,0.082699,0.079347,1.0,0.087912,0.0,0.0,0.989011,0.923077,1,91,91,-0.000108,-0.000108,-4.3e-05,5.5e-05,5.2e-05,0.0,0.002,0.032764,0.060574,0.076885,E1
DASH,aster,bybit,1.0,8.0,89.708333,0.054943,0.082576,0.112644,0.846154,0.032967,0.0,0.0,0.896104,0.766234,8,9,35,-0.000124,0.000539,0.000536,0.000798,0.000158,0.0,0.0019,0.005407,0.031826,-0.022113,E1
KAS,aster,bitget,1.0,4.0,89.875,0.078268,0.081853,0.081767,0.978022,0.043956,0.0,0.0,0.977528,0.898876,2,82,82,0.00321,0.000136,0.000185,0.000266,5.6e-05,0.0,0.002,0.026125,0.053935,0.069365,E1
KAS,aster,binance,1.0,4.0,89.875,0.080528,0.081526,0.081232,1.0,0.032967,0.0,0.0,0.989011,0.923077,1,91,91,7.3e-05,7.3e-05,0.000124,0.000125,4.4e-05,0.0,0.0018,0.033599,0.058628,0.073308,E1
ZRO,aster,binance,1.0,4.0,89.875,0.080566,0.080853,0.0791,1.0,0.0,0.0,0.0,0.989011,0.923077,1,91,91,3.7e-05,3.7e-05,0.000104,4.8e-05,2.5e-05,0.084994,0.0018,0.033637,0.058666,0.073346,E1
ZRO,aster,bitget,1.0,4.0,89.875,0.077971,0.079249,0.077418,1.0,0.0,0.0,0.0,0.989011,0.923077,1,91,91,3.8e-05,3.8e-05,9.9e-05,9.6e-05,3.1e-05,0.0,0.002,0.025828,0.053637,0.069949,E1
RENDER,aster,dydx,1.0,1.0,41.666667,0.099441,0.079248,0.055802,0.906977,0.534884,0.023256,0.0,0.897436,0.74359,4,12,18,-0.000878,-0.001699,-0.001246,0.001929,0.000348,0.1095,0.0018,0.052513,0.077541,0.044691,E1
ZRO,aster,bybit,1.0,4.0,89.875,0.079155,0.078967,0.077714,1.0,0.0,0.0,0.0,0.989011,0.923077,1,91,91,8e-06,8e-06,6.8e-05,8.6e-05,3e-05,0.0,0.0019,0.029619,0.056038,0.071534,E1
PENDLE,aster,dydx,1.0,1.0,41.666667,0.05881,0.073134,0.099858,0.883721,0.093023,0.0,0.0,0.868421,0.710526,5,6,22,0.002497,0.002544,0.002614,0.000355,0.000136,0.1095,0.0018,0.011882,0.03691,-0.05069,E1
ZEC,aster,binance,1.0,8.0,89.708333,-0.071178,0.068149,0.099175,0.626374,0.021978,0.0,0.0,0.824561,0.666667,10,3,14,-0.001854,0.00655,0.007043,0.025482,0.000788,0.126911,0.0018,-0.118106,-0.093078,-0.290178,E1
ZEC,aster,bitget,1.0,8.0,89.875,-0.072307,0.066777,0.09758,0.593407,0.021978,0.0,0.0,0.796296,0.648148,11,3,14,-0.002266,0.006533,0.006933,0.02585,0.000783,0.0657,0.002,-0.12445,-0.09664,-0.31564,E1
RENDER,aster,binance,1.0,4.0,89.875,0.074369,0.066345,0.082751,0.945055,0.120879,0.0,0.0,0.94186,0.872093,5,16,40,0.000873,4e-06,-5e-06,0.000705,0.000141,0.0,0.0018,0.027441,0.052469,0.033307,E1
ENSO,aster,bybit,1.0,4.0,89.875,0.058871,0.065383,0.081339,0.879121,0.065934,0.0,0.0,0.9375,0.8125,5,9,49,-0.000194,0.000641,0.000632,0.001438,0.000181,0.0,0.0019,0.009336,0.035755,-0.018184,E1
BERA,aster,bybit,1.0,4.0,89.875,-0.027681,0.06528,0.078414,0.56044,0.010989,0.0,0.0,0.823529,0.529412,9,3,20,0.001237,0.002239,0.001938,0.012504,0.000343,0.0,0.0019,-0.077217,-0.050798,-0.258848,E1
ZEC,aster,bybit,1.0,8.0,89.708333,-0.071884,0.065126,0.092554,0.593407,0.021978,0.0,0.0,0.796296,0.648148,11,3,14,-0.001312,0.006446,0.006861,0.025384,0.000777,0.0,0.0019,-0.12142,-0.095001,-0.303051,E1
PENDLE,aster,binance,1.0,8.0,89.708333,0.049659,0.064721,0.090249,0.824176,0.054945,0.0,0.0,0.853333,0.746667,11,3,22,-0.00058,9.5e-05,3e-06,0.000684,0.000144,0.066029,0.0018,0.00273,0.027759,-0.169341,E1
PENDLE,aster,bybit,1.0,8.0,89.708333,0.050488,0.064535,0.09126,0.835165,0.043956,0.0,0.0,0.868421,0.763158,10,4,22,-0.000721,0.00012,2.9e-05,0.00064,0.000141,0.0,0.0019,0.000953,0.027372,-0.122887,E1
PENDLE,aster,bitget,1.0,8.0,89.708333,0.046558,0.061781,0.090209,0.802198,0.021978,0.0,0.0,0.863014,0.712329,10,4,22,-0.000119,0.00014,4.5e-05,0.000941,0.000147,0.0,0.002,-0.005585,0.022224,-0.135942,E1
RENDER,aster,bybit,1.0,4.0,89.875,0.0739,0.060821,0.088926,0.901099,0.208791,0.0,0.0,0.914634,0.829268,7,11,28,0.00042,-0.000105,-0.000159,0.000896,0.000169,0.163505,0.0019,0.024364,0.050783,0.010854,E1
ENSO,aster,bitget,1.0,4.0,89.875,0.0586,0.059334,0.077856,0.89011,0.032967,0.0,0.0,0.938272,0.814815,5,9,49,-0.000637,0.00058,0.000579,0.001634,0.000188,0.0,0.002,0.006457,0.034266,-0.022511,E1
ENSO,aster,binance,1.0,4.0,89.875,0.053471,0.056042,0.07832,0.879121,0.0,0.0,0.0,0.9375,0.8125,5,9,49,-0.000464,0.000568,0.000542,0.001506,0.000175,0.196049,0.0018,0.006543,0.031571,-0.019529,E1
HBAR,aster,bybit,1.0,8.0,89.708333,0.044958,0.055531,0.068177,0.824176,0.065934,0.0,0.0,0.853333,0.72,11,3,19,0.000326,-0.000129,-0.000189,0.000586,0.000141,0.139963,0.0019,-0.004578,0.021841,-0.186209,E1
RENDER,aster,bitget,1.0,4.0,89.875,0.06407,0.054016,0.078057,0.901099,0.076923,0.0,0.0,0.914634,0.829268,7,11,28,-0.000602,-6.9e-05,-0.000113,0.000878,0.00017,0.0,0.002,0.011928,0.039737,-0.002293,E1
BERA,aster,binance,1.0,4.0,89.875,-0.039123,0.052269,0.07182,0.516484,0.0,0.0,0.0,0.787234,0.553191,10,3,20,0.00128,0.002235,0.001917,0.014172,0.000344,0.0,0.0018,-0.086052,-0.061023,-0.258123,E1
AERO,aster,binance,1.0,4.0,89.875,-0.025133,0.050551,0.059438,0.593407,0.021978,0.0,0.0,0.759259,0.537037,13,3,11,0.001097,0.001805,0.001782,0.012054,0.000514,0.03031,0.0018,-0.072062,-0.047033,-0.244133,E1
BERA,aster,bitget,1.0,4.0,89.875,-0.046035,0.049567,0.07161,0.494505,0.0,0.0,0.0,0.8,0.488889,9,3,20,0.001623,0.002271,0.001952,0.015533,0.000367,0.0,0.002,-0.098178,-0.070369,-0.289369,E1
LAB,aster,binance,1.0,1.000003,89.916667,0.112589,0.048602,-0.015615,0.615385,0.32967,0.197802,0.10989,0.660714,0.589286,19,2,14,-0.001365,-0.006309,-0.006274,0.021229,0.001918,0.0,0.0018,0.065661,0.090689,-0.215911,E1
ENS,aster,binance,1.0,8.0,89.708333,0.024718,0.039496,0.070281,0.758242,0.043956,0.0,0.0,0.753623,0.652174,17,3,11,-0.001811,0.000201,9.2e-05,0.001515,0.000162,0.0,0.0018,-0.022211,0.002818,-0.194282,E1
ENS,aster,bybit,1.0,8.0,89.708333,0.021265,0.038706,0.071133,0.725275,0.010989,0.0,0.0,0.727273,0.606061,18,3,11,0.000349,0.000311,0.000196,0.001791,0.000164,0.0,0.0019,-0.028271,-0.001852,-0.209902,E1
ENS,aster,bitget,1.0,8.0,89.708333,0.018211,0.036503,0.06969,0.67033,0.021978,0.0,0.0,0.655738,0.540984,21,2,11,0.001866,0.000341,0.000222,0.001998,0.000171,0.0,0.002,-0.033932,-0.006123,-0.346789,E1
ORDI,aster,dydx,1.0,1.0,41.666667,0.020105,0.035482,0.045632,0.697674,0.023256,0.0,0.0,0.8,0.533333,6,6,9,0.000895,0.001253,0.001609,0.001566,0.000192,0.068854,0.0018,-0.026824,-0.001795,-0.089395,E1
BERA,aster,hl,1.0,1.0,90.0,-0.058915,0.034454,-0.005367,0.285714,0.098901,0.010989,0.0,0.615385,0.461538,10,1,11,-0.001458,0.002361,0.002123,0.020279,0.000414,0.0,0.0017,-0.103236,-0.079598,,E1
SOMI,aster,binance,1.0,4.0,89.875,0.020441,0.034346,0.066334,0.747253,0.0,0.0,0.0,0.838235,0.661765,11,3,20,0.0008,0.00073,0.000666,0.004066,0.000243,1.044542,0.0018,-0.026487,-0.001459,-0.198559,E1
STX,aster,binance,1.0,8.0,89.708333,0.052124,0.03139,-0.043986,0.89011,0.032967,0.0,0.0,0.950617,0.876543,4,27,51,0.000375,-0.001364,-0.001182,0.004952,0.000526,0.061605,0.0018,0.005195,0.030224,0.027791,E1
SOMI,aster,bybit,1.0,4.0,89.875,0.023096,0.03121,0.061166,0.758242,0.010989,0.0,0.0,0.884058,0.681159,8,10,20,0.0008,0.000581,0.000572,0.004109,0.000251,0.0,0.0019,-0.02644,-2.1e-05,-0.046254,E1
VIRTUAL,aster,binance,1.0,4.0,89.875,-0.022177,0.030483,0.049617,0.538462,0.087912,0.0,0.0,0.77551,0.44898,11,2,13,-0.007259,0.000766,0.000481,0.012715,0.000363,0.0,0.0018,-0.069106,-0.044077,-0.350677,E1
STX,aster,dydx,1.0,1.0,41.666667,-0.005787,0.029896,-0.059897,0.744186,0.395349,0.0,0.0,0.875,0.75,4,3,26,0.043344,0.001159,0.00203,0.005985,0.00085,0.1095,0.0018,-0.052715,-0.027687,-0.224787,E1
SOMI,aster,bitget,1.0,4.0,89.875,0.031613,0.028887,0.057383,0.747253,0.043956,0.0,0.0,0.852941,0.647059,10,7,20,0.0008,0.000127,0.000176,0.002946,0.000241,0.0,0.002,-0.02053,0.007279,-0.072673,E1
STX,aster,bitget,1.0,8.0,89.708333,0.045671,0.026255,-0.052055,0.89011,0.021978,0.0,0.0,0.950617,0.876543,4,27,51,0.000393,-0.001381,-0.00119,0.005358,0.000557,0.0,0.002,-0.006472,0.021338,0.018634,E1
VIRTUAL,aster,bybit,1.0,4.0,89.875,-0.034317,0.025573,0.051856,0.505495,0.087912,0.0,0.0,0.76087,0.434783,11,2,13,-0.004051,0.000949,0.000652,0.014672,0.000388,0.0,0.0019,-0.083853,-0.057434,-0.381067,E1
STX,aster,bybit,1.0,8.0,89.708333,0.046164,0.024452,-0.056465,0.89011,0.021978,0.0,0.0,0.950617,0.876543,4,27,51,0.000582,-0.001419,-0.001236,0.005216,0.000547,0.093469,0.0019,-0.003371,0.023048,0.020479,E1
STX,aster,hl,1.0,1.0,90.0,0.085747,0.024269,0.05238,0.637363,0.263736,0.087912,0.0,0.844828,0.672414,9,2,29,0.068418,-0.001712,-0.001727,0.000947,0.000388,0.0,0.0017,0.041426,0.065064,-0.224503,E1
TIA,aster,dydx,1.0,1.0,41.666667,0.012234,0.019289,0.019932,0.581395,0.093023,0.0,0.0,0.72,0.4,7,2,10,0.001576,-0.000356,0.000482,0.001496,0.000196,0.078665,0.0018,-0.034695,-0.009666,-0.316266,E1
VIRTUAL,aster,bitget,1.0,4.0,89.875,-0.03381,0.019165,0.044397,0.549451,0.076923,0.0,0.0,0.78,0.46,11,2,13,-0.007536,0.000829,0.000534,0.014224,0.000386,0.0,0.002,-0.085953,-0.058143,-0.39881,E1
TIA,aster,bybit,1.0,4.0,89.875,0.008784,0.008689,0.009326,0.549451,0.010989,0.0,0.0,0.78,0.44,11,4,13,0.000794,-0.000554,-0.000541,0.001965,0.00019,0.038894,0.0019,-0.040752,-0.014333,-0.164591,E1
TIA,aster,binance,1.0,4.0,89.875,0.003026,0.003178,0.003952,0.516484,0.021978,0.0,0.0,0.765957,0.404255,11,4,13,-0.002373,-0.000602,-0.000604,0.002906,0.000195,0.098966,0.0018,-0.043903,-0.018874,-0.161224,E1
TIA,aster,bitget,1.0,4.0,89.875,0.000451,-0.000479,-0.002573,0.505495,0.021978,0.0,0.0,0.804348,0.347826,9,4,13,0.001971,-0.000649,-0.000643,0.003237,0.000207,0.058955,0.002,-0.051692,-0.023882,-0.182049,E1
KAS,aster,hl,1.0,1.0,83.458333,0.061325,-0.018172,-0.081046,0.642857,0.261905,0.011905,0.0,0.833333,0.740741,9,2,22,0.005816,-0.001632,-0.000775,0.003196,0.000368,0.0,0.0017,0.017003,0.040641,-0.248925,E1
HBAR,aster,dydx,1.0,1.0,41.666667,-0.024662,-0.025311,-0.117807,0.744186,0.046512,0.0,0.0,0.84375,0.59375,5,7,15,-0.004255,-0.001661,-0.002382,0.006412,0.000666,0.031799,0.0018,-0.07159,-0.046562,-0.118519,E1
FET,aster,hl,1.0,1.0,90.0,0.003145,-0.028877,-0.124314,0.373626,0.065934,0.010989,0.0,0.705882,0.441176,10,4,9,0.002173,-0.000573,-0.000635,0.004847,0.00036,0.0,0.0017,-0.041177,-0.017538,-0.15198,E1
VVV,aster,dydx,1.0,1.0,41.666667,-0.020635,-0.032059,-0.137,0.72093,0.209302,0.046512,0.0,0.741935,0.645161,8,2,16,-0.015044,-0.004476,-0.004675,0.009935,0.001129,0.0,0.0018,-0.067563,-0.042535,-0.349135,E1
AR,aster,hl,1.0,1.0,90.0,-0.016949,-0.032576,-0.061987,0.10989,0.021978,0.0,0.0,0.3,0.3,7,1,3,-0.052036,-0.000213,-0.000264,0.004287,0.000224,0.0,0.0017,-0.061271,-0.037633,,E1
GRAM,aster,hl,1.0,1.0,61.041667,-0.074192,-0.036975,-0.041808,0.209677,0.032258,0.0,0.0,0.230769,0.307692,10,1,3,-0.069003,0.003032,0.004871,0.012654,0.000448,0.0,0.0017,-0.118513,-0.094875,,E1
PENDLE,aster,hl,1.0,1.0,90.0,-0.03979,-0.05255,-0.064129,0.230769,0.043956,0.0,0.0,0.52381,0.285714,10,1,12,-0.011001,-0.000933,-0.001216,0.012917,0.000232,0.0,0.0017,-0.084111,-0.060473,,E1
ETHFI,aster,bybit,1.0,4.0,89.875,-0.012411,-0.0612,-0.094193,0.659341,0.076923,0.0,0.0,0.883333,0.633333,7,6,24,-0.000909,-0.002423,-0.002314,0.011035,0.000386,0.157921,0.0019,-0.061947,-0.035528,-0.127994,E1
TAO,aster,hl,1.0,1.0,90.0,-0.047412,-0.06315,-0.113487,0.208791,0.010989,0.0,0.0,0.526316,0.315789,9,2,5,0.014275,-0.00053,-0.00073,0.012897,0.000274,0.0,0.0017,-0.091733,-0.068095,-0.357662,E1
ETHFI,aster,bitget,1.0,4.0,89.875,-0.023165,-0.067668,-0.102307,0.648352,0.010989,0.0,0.0,0.864407,0.610169,8,7,16,-2.8e-05,-0.002302,-0.00218,0.011932,0.000385,0.0,0.002,-0.075308,-0.047499,-0.127451,E1
ENS,aster,hl,1.0,1.0,90.0,-0.079963,-0.067948,-0.051588,0.010989,0.0,0.0,0.0,0.0,0.0,1,1,1,0.0,0.000237,9e-06,0.019717,0.000174,0.0,0.0017,-0.124284,-0.100646,,E1
ETHFI,aster,binance,1.0,4.0,89.875,-0.027871,-0.070914,-0.101531,0.648352,0.0,0.0,0.0,0.864407,0.610169,8,7,16,-0.00157,-0.002253,-0.002151,0.012369,0.00038,0.0,0.0018,-0.0748,-0.049771,-0.121728,E1
VIRTUAL,aster,hl,1.0,1.0,90.0,-0.056824,-0.07518,-0.099969,0.318681,0.098901,0.0,0.0,0.758621,0.344828,7,2,11,0.000238,-0.001106,-0.001469,0.01983,0.00042,0.0,0.0017,-0.101145,-0.077507,-0.367074,E1
ZRO,aster,hl,1.0,1.0,90.0,-0.105976,-0.094192,-0.152361,0.164835,0.0,0.0,0.0,0.4,0.0,9,1,4,0.022774,0.000117,0.000161,0.026169,0.00047,0.0,0.0017,-0.150297,-0.126659,,E1
ZEC,aster,hl,1.0,1.0,90.0,-0.140344,-0.097349,-0.169284,0.10989,0.0,0.0,0.0,0.3,0.0,7,1,3,-0.022094,0.002392,0.002747,0.034653,0.000562,0.036548,0.0017,-0.184665,-0.161027,,E1
CC,aster,bybit,1.0,4.0,89.875,-0.032813,-0.127402,0.035738,0.703297,0.076923,0.0,0.0,0.8125,0.671875,12,5,12,0.003814,-0.002395,-0.00283,0.018505,0.000612,0.0,0.0019,-0.082349,-0.05593,-0.171513,E1
CC,aster,binance,1.0,4.0,89.875,-0.040853,-0.132055,0.025877,0.692308,0.043956,0.0,0.0,0.809524,0.666667,12,5,12,-0.000291,-0.002399,-0.00286,0.01874,0.00061,0.0,0.0018,-0.087781,-0.062753,-0.172253,E1
CC,aster,bitget,1.0,4.0,89.875,-0.050685,-0.141636,0.021467,0.659341,0.021978,0.0,0.0,0.733333,0.6,16,2,12,0.002,-0.002348,-0.002806,0.019115,0.000614,0.0,0.002,-0.102828,-0.075018,-0.415685,E1
JTO,aster,dydx,1.0,1.0,41.666667,-0.123043,-0.1425,-0.037985,0.418605,0.069767,0.0,0.0,0.555556,0.277778,8,2,6,-0.005765,8.2e-05,-0.003099,0.01574,0.00058,0.1095,0.0018,-0.169972,-0.144943,-0.451543,E1
JTO,aster,bybit,1.0,4.0,89.875,-0.089636,-0.15302,-0.052266,0.472527,0.043956,0.0,0.0,0.604651,0.395349,17,2,7,-0.000354,-0.001928,-0.002663,0.025185,0.000556,0.0,0.0019,-0.139172,-0.112753,-0.436386,E1
JTO,aster,binance,1.0,4.0,89.875,-0.08876,-0.158769,-0.052049,0.450549,0.065934,0.0,0.0,0.658537,0.390244,14,2,8,0.007626,-0.001943,-0.002709,0.025039,0.000557,0.068722,0.0018,-0.135689,-0.11066,-0.41726,E1
JTO,aster,bitget,1.0,4.0,89.875,-0.094174,-0.15908,-0.06063,0.461538,0.054945,0.0,0.0,0.666667,0.357143,14,2,7,0.000426,-0.001996,-0.002771,0.026484,0.000567,0.0,0.002,-0.146317,-0.118508,-0.459174,E1
ETHFI,aster,hl,1.0,1.0,90.0,-0.134613,-0.187388,-0.270451,0.010989,0.0,0.0,0.0,0.0,0.0,1,1,1,0.0,-0.002678,-0.002745,0.033192,0.000396,0.0,0.0017,-0.178935,-0.155297,,E1
ZEC,aster,dydx,1.0,1.0,41.666667,-0.285013,-0.220926,-0.350092,0.186047,0.0,0.0,0.0,0.5,0.25,4,2,3,-0.032253,0.001375,-0.002857,0.032636,0.000963,0.1095,0.0018,-0.331941,-0.306913,-0.613513,E1
DOS,aster,bybit,1.0,4.0,20.208333,-0.444963,-0.428189,0.014142,0.52381,0.333333,0.095238,0.0,0.909091,0.363636,1,11,11,-0.015272,0.114955,0.136354,0.0308,0.002549,0.0,0.0019,-0.494499,-0.46808,-0.508009,E1
LA,aster,binance,1.0,4.0,89.875,-1.49938,-0.441577,-0.083418,0.186813,0.0,0.0,0.0,0.823529,0.529412,3,6,10,-0.001085,-0.005978,-0.00914,0.369206,0.009753,0.050896,0.0018,-1.546309,-1.52128,-1.60888,E1
LA,aster,bybit,1.0,4.0,89.875,-1.49659,-0.452067,-0.084697,0.175824,0.0,0.0,0.0,0.8125,0.5,3,5,10,0.002025,-0.005739,-0.008834,0.368548,0.009659,0.340523,0.0019,-1.546126,-1.519707,-1.63529,E1
DOS,aster,binance,1.0,4.0,20.708333,-0.557444,-0.524716,-0.022754,0.409091,0.181818,0.090909,0.0,0.777778,0.222222,2,8,8,-0.025124,0.115613,0.118147,0.036178,0.002635,0.0,0.0018,-0.604373,-0.579344,-0.639569,E1
DOS,aster,bitget,1.0,4.0,21.125,-0.575324,-0.552442,-0.020396,0.409091,0.227273,0.090909,0.0,0.777778,0.222222,2,8,8,-0.025102,0.124581,0.136042,0.041315,0.002733,0.0,0.002,-0.627467,-0.599657,-0.666574,E1
DOS,aster,okx,1.0,4.0,21.125,-0.589614,-0.566163,0.008591,0.454545,0.272727,0.090909,0.0,0.8,0.3,2,8,8,-0.023612,0.131909,0.14841,0.04222,0.002895,0.05475,0.0018,-0.636542,-0.611514,-0.671739,E1
ACE,aster,bybit,1.0,4.0,43.041667,-3.036189,-3.707284,-2.316564,0.0,0.0,0.0,0.0,0.0,0.0,0,0,0,0.0,-0.028723,-0.057069,0.359622,0.010566,0.219854,0.0019,-3.085725,-3.059306,,E1
ACE,aster,binance,1.0,4.0,43.041667,-3.024075,-3.710393,-2.256714,0.090909,0.0,0.0,0.0,0.25,0.0,3,1,2,0.0,-0.026735,-0.054903,0.358367,0.011081,0.873241,0.0018,-3.071004,-3.045975,,E1
ACE,aster,bitget,1.0,4.0,43.041667,-3.071576,-3.756732,-2.327415,0.045455,0.0,0.0,0.0,0.0,0.0,2,1,1,0.0,-0.028075,-0.056448,0.363762,0.011118,0.343392,0.002,-3.123718,-3.095909,,E1
