coin,short_venue,long_venue,apr_90d,apr_30d,apr_14d,pos_day_frac,max_dd_notional,daily_std,overlap_days,iv_a,iv_b,cost_roundtrip,net_apr_14d_hold,net_apr_30d_hold,live_gross_apr
XMR,hl,binance,0.296669,0.472633,0.638461,0.912088,0.002383,0.00094,89.708333,1.0,8.0,0.0019,0.247133,0.273552,1.140105
XMR,hl,bybit,0.297879,0.479343,0.652735,0.912088,0.002612,0.000956,89.708333,1.0,8.0,0.002,0.245736,0.273546,0.903552
TRUMP,bybit,hl,0.204027,0.010604,-0.021995,0.681319,0.003188,0.000819,89.875,8.0,1.0,0.002,0.151884,0.179694,0.0
LIT,hl,bybit,0.140593,0.0,0.0,0.976744,0.001232,0.000379,41.708333,1.000001,8.0,0.002,0.088451,0.11626,0.03412
S,bybit,hl,0.125656,0.058736,-0.032909,0.56044,0.003432,0.000716,89.875,8.0,1.0,0.002,0.073513,0.101323,0.0
NEAR,hl,binance,0.119198,0.157207,0.225959,0.989011,0.000204,0.000279,89.708333,1.0,8.0,0.0019,0.069662,0.096081,0.219853
NEAR,hl,bybit,0.118977,0.155907,0.222466,0.989011,0.000204,0.000279,89.708333,1.0,8.0,0.002,0.066834,0.094643,0.219853
GMX,hl,bybit,0.117498,0.156192,0.21471,0.978022,0.00017,0.000285,89.708333,1.0,8.0,0.002,0.065356,0.093165,0.137674
GMX,hl,binance,0.11555,0.155406,0.213957,0.978022,0.000201,0.000286,89.708333,1.0,8.0,0.0019,0.066015,0.092434,0.098638
TRX,binance,hl,0.109589,-0.029834,-0.063157,0.56044,0.005255,0.000701,89.708333,8.0,1.0,0.0019,0.060053,0.086472,0.923823
TRX,bybit,hl,0.108523,-0.032383,-0.064976,0.538462,0.005406,0.000718,89.708333,8.0,1.0,0.002,0.05638,0.08419,0.982439
FET,hl,binance,0.107151,0.137543,0.228266,0.934066,0.001334,0.000366,89.708333,1.0,8.0,0.0019,0.057615,0.084034,0.187617
HYPE,hl,bybit,0.104878,0.007792,0.0,1.0,0.000103,0.000134,62.583333,1.0,8.0,0.002,0.052735,0.080544,0.082278
LINK,hl,bybit,0.10482,0.111524,0.150745,0.940476,0.000196,0.000314,83.416667,1.0,8.0,0.002,0.052677,0.080487,0.000252
AR,hl,bybit,0.102944,0.0,0.0,0.976744,8.2e-05,8.1e-05,41.708333,1.000001,8.0,0.002,0.050801,0.078611,0.130863
LINK,hl,binance,0.101591,0.108327,0.14944,0.940476,0.000247,0.000316,83.416667,1.0,8.0,0.0019,0.052055,0.078474,0.025229
AAVE,hl,binance,0.100533,0.131994,0.228952,0.923077,0.000529,0.000356,89.708333,1.0,8.0,0.0019,0.050997,0.077416,0.035708
AAVE,hl,bybit,0.101269,0.133136,0.231572,0.923077,0.00053,0.000356,89.708333,1.0,8.0,0.002,0.049126,0.076935,0.003121
ENA,hl,okx,0.096824,0.137212,0.211506,0.967033,0.000422,0.000302,89.875,1.0,8.0,0.0019,0.047288,0.073707,0.05475
ENA,hl,binance,0.094601,0.131211,0.199449,0.967033,0.000405,0.000291,89.875,1.0,4.0,0.0019,0.045066,0.071485,0.040033
PENDLE,hl,binance,0.089604,0.119531,0.158837,0.923077,0.000723,0.000182,89.708333,1.0,8.0,0.0019,0.040068,0.066487,0.029368
PEPE,hl,binance,0.087306,0.119767,0.166229,0.912088,0.00151,0.000259,89.708333,1.0,8.0,0.0019,0.03777,0.064189,0.06686
SUI,hl,binance,0.08506,0.119188,0.180294,0.857143,0.000755,0.000259,89.708333,1.0,8.0,0.0019,0.035524,0.061943,0.013118
SUI,hl,okx,0.082945,0.116677,0.180255,0.857143,0.000845,0.000261,89.708333,1.0,8.0,0.0019,0.03341,0.059829,0.03098
SUI,hl,bybit,0.083806,0.117275,0.179033,0.846154,0.00082,0.000261,89.708333,1.0,8.0,0.002,0.031663,0.059473,0.012888
PEPE,hl,bybit,0.083792,0.121529,0.172216,0.868132,0.001845,0.000275,89.708333,1.0,8.0,0.002,0.03165,0.059459,0.017421
LDO,hl,bybit,0.083705,0.0,0.0,0.954545,0.000249,0.00011,20.833333,1.000001,8.0,0.002,0.031563,0.059372,0.037767
ATOM,bybit,hl,0.083026,0.029201,0.034942,0.692308,0.001323,0.000391,89.708333,8.0,1.0,0.002,0.030883,0.058692,0.64978
ATOM,binance,hl,0.079429,0.028703,0.029996,0.648352,0.001367,0.000389,89.708333,8.0,1.0,0.0019,0.029894,0.056313,0.425995
BANANA,hl,binance,0.072571,0.098803,0.099351,0.978022,0.004968,0.000446,89.875,1.0,4.0,0.0019,0.023035,0.049454,0.174565
CRV,hl,binance,0.071186,0.127215,0.19836,0.846154,0.001036,0.000311,89.708333,1.0,8.0,0.0019,0.02165,0.048069,0.021115
BNB,hl,binance,0.070805,0.107607,0.167461,0.846154,0.000551,0.000262,89.708333,1.0,8.0,0.0019,0.021269,0.047688,0.089122
CRV,hl,bybit,0.071808,0.126399,0.195146,0.824176,0.001053,0.00031,89.708333,1.0,8.0,0.002,0.019665,0.047475,0.021115
BNB,hl,bybit,0.071062,0.106788,0.166462,0.857143,0.000554,0.000264,89.708333,1.0,8.0,0.002,0.018919,0.046728,0.003077
LTC,hl,bybit,0.070015,0.003305,0.0,0.888889,0.000964,0.000136,62.583333,1.0,8.0,0.002,0.017872,0.045682,0.076847
CRV,hl,okx,0.068157,0.124172,0.192087,0.824176,0.001054,0.000311,89.708333,1.0,8.0,0.0019,0.018621,0.04504,0.021115
ZEN,hl,binance,0.065933,0.095419,0.118585,0.857143,0.001926,0.0002,89.708333,1.0,8.0,0.0019,0.016398,0.042817,0.025305
DOGE,hl,bybit,0.066011,0.123453,0.168501,0.813187,0.000873,0.000243,89.708333,1.0,8.0,0.002,0.013868,0.041677,0.065623
DOGE,hl,binance,0.064673,0.121395,0.165872,0.813187,0.000875,0.000241,89.708333,1.0,8.0,0.0019,0.015137,0.041556,0.089681
DOGE,hl,okx,0.06384,0.121378,0.16763,0.813187,0.000932,0.000242,89.708333,1.0,8.0,0.0019,0.014304,0.040724,0.059964
WLD,hl,binance,0.062492,0.074148,0.087631,0.802198,0.003383,0.000343,89.708333,1.0,8.0,0.0019,0.012956,0.039375,0.059951
COMP,hl,bybit,0.061537,0.0,0.0,0.837209,0.001694,0.000203,41.708333,1.000001,8.0,0.002,0.009394,0.037204,0.027178
CAKE,hl,bybit,0.060408,0.0,0.0,0.860465,0.002276,0.000277,41.708333,1.000001,8.0,0.002,0.008265,0.036075,0.023352
WLD,hl,okx,0.056168,0.065225,0.079733,0.802198,0.003373,0.000349,89.708333,1.0,8.0,0.0019,0.006632,0.033051,0.0
OP,binance,hl,0.053136,0.030884,0.045464,0.582418,0.001568,0.000324,89.708333,8.0,1.0,0.0019,0.003601,0.03002,0.0
ETH,hl,binance,0.05205,0.0,0.0,0.909091,0.000152,0.000126,20.833333,1.000001,8.0,0.0019,0.002514,0.028933,0.013107
OP,bybit,hl,0.053211,0.030881,0.048224,0.593407,0.001582,0.000326,89.708333,8.0,1.0,0.002,0.001068,0.028878,0.0
ETH,hl,bybit,0.051932,0.0,0.0,0.909091,0.000166,0.000127,20.833333,1.000001,8.0,0.002,-0.00021,0.027599,0.029401
XRP,hl,binance,0.044913,0.093316,0.137258,0.725275,0.001518,0.000244,89.708333,1.0,8.0,0.0019,-0.004623,0.021796,0.001303
SEI,bybit,hl,0.044961,0.003408,-0.022778,0.494505,0.002944,0.000438,89.708333,8.0,1.0,0.002,-0.007182,0.020628,0.3633
XRP,hl,okx,0.043254,0.092075,0.135235,0.725275,0.001568,0.000245,89.708333,1.0,8.0,0.0019,-0.006282,0.020137,0.0
CAKE,hl,binance,0.043209,0.0,0.0,0.813953,0.002376,0.000271,41.708333,1.000001,4.0,0.0019,-0.006327,0.020092,0.023352
SEI,binance,hl,0.042764,0.000497,-0.021536,0.505495,0.002876,0.00043,89.708333,8.0,1.0,0.0019,-0.006771,0.019648,0.247241
ADA,bybit,hl,0.043441,-0.016235,-0.054553,0.538462,0.003249,0.000388,89.708333,8.0,1.0,0.002,-0.008702,0.019107,0.0
SOL,hl,binance,0.041453,0.081825,0.101764,0.791209,0.002204,0.000213,89.708333,1.0,8.0,0.0019,-0.008083,0.018336,0.162914
SOL,hl,bybit,0.041615,0.08206,0.102695,0.78022,0.002272,0.000214,89.708333,1.0,8.0,0.002,-0.010528,0.017281,0.125936
BZ,bybit,binance,0.039102,0.077667,0.014534,0.582418,0.000793,0.000256,89.708333,8.0,4.0,0.0021,-0.015648,0.013552,0.364394
PIEVERSE,binance,bybit,0.038453,0.043526,0.034675,0.989011,8e-05,7.4e-05,89.875,4.0,8.0,0.0021,-0.016297,0.012903,0.464893
KUAISHOU,binance,bybit,0.029127,0.029127,0.036938,0.636364,3.2e-05,7.9e-05,21.041667,8.0,8.0,0.0021,-0.025623,0.003577,0.624829
PENGU,hl,okx,0.025873,0.102046,0.189846,0.692308,0.004689,0.000403,89.875,1.0,8.0,0.0019,-0.023663,0.002756,0.05475
TRUMP,okx,binance,0.026602,-0.000216,-0.001165,0.703297,0.000247,0.00011,89.875,8.0,4.0,0.002,-0.025541,0.002269,0.027504
FOLKS,binance,bybit,0.026959,0.020754,0.041291,0.692308,0.001114,0.000171,89.875,4.0,8.0,0.0021,-0.027791,0.001409,0.360518
INJ,bybit,hl,0.025146,0.00125,-0.136924,0.505495,0.005882,0.000442,89.708333,8.0,1.0,0.002,-0.026996,0.000813,0.0
INJ,binance,hl,0.021724,-0.000522,-0.138195,0.483516,0.005901,0.000441,89.708333,8.0,1.0,0.0019,-0.027811,-0.001392,0.0
FIL,binance,hl,0.018811,0.032105,0.022082,0.505495,0.00267,0.000275,89.708333,8.0,1.0,0.0019,-0.030725,-0.004306,0.0
CSOPSKHYNIX2L,bybit,binance,0.020772,0.020772,0.051685,0.5,0.001016,0.000277,21.041667,8.0,8.0,0.0021,-0.033978,-0.004778,0.688941
TRUMP,bybit,binance,0.019797,-0.004079,-0.002033,0.648352,0.000506,9e-05,89.875,8.0,4.0,0.0021,-0.034953,-0.005753,0.104156
FIL,bybit,hl,0.017793,0.030633,0.02058,0.505495,0.002818,0.000275,89.708333,8.0,1.0,0.002,-0.03435,-0.00654,0.0
GDX,binance,bybit,0.018517,0.018517,0.018868,0.5,0.000161,9.9e-05,14.708333,8.0,8.0,0.0021,-0.036233,-0.007033,1.274339
ARB,hl,okx,0.015202,0.000451,0.035077,0.637363,0.002062,0.00018,89.708333,1.0,8.0,0.0019,-0.034334,-0.007915,0.062231
MEITUAN,binance,bybit,0.017017,0.017017,0.022919,0.590909,0.000134,7.6e-05,21.041667,8.0,8.0,0.0021,-0.037733,-0.008533,2.274063
CAKE,binance,bybit,0.015992,0.017589,0.021662,0.945055,5.4e-05,2.9e-05,89.875,4.0,8.0,0.0021,-0.038758,-0.009558,0.0
ETC,binance,hl,0.013496,0.033769,0.005116,0.351648,0.004913,0.000376,89.708333,8.0,1.0,0.0019,-0.03604,-0.009621,0.0
VST,binance,bybit,0.015035,0.015035,0.014713,0.625,4.2e-05,4.9e-05,14.708333,8.0,8.0,0.0021,-0.039715,-0.010515,0.890498
PYTH,binance,bybit,0.014867,0.011722,0.011625,0.978022,3e-05,2.1e-05,89.875,4.0,8.0,0.0021,-0.039883,-0.010683,0.0
MORPHO,binance,bybit,0.014858,0.012632,0.015689,0.879121,0.000126,3.7e-05,89.875,4.0,8.0,0.0021,-0.039892,-0.010692,0.382593
ETC,bybit,hl,0.012371,0.031113,0.001464,0.351648,0.005024,0.000376,89.708333,8.0,1.0,0.002,-0.039772,-0.011962,0.0
KAS,binance,bybit,0.011496,0.014074,0.014013,0.923077,0.000183,2.8e-05,89.875,4.0,8.0,0.0021,-0.043254,-0.014054,0.0
TENCENT,binance,bybit,0.011273,0.01001,0.016293,0.472222,0.000144,6e-05,34.708333,8.0,8.0,0.0021,-0.043477,-0.014277,0.849643
KORU,bybit,binance,0.010988,-0.002215,-0.001162,0.428571,0.00129,0.000447,69.041667,8.0,8.0,0.0021,-0.043762,-0.014562,0.529345
HYPE,binance,bybit,0.010875,0.015991,0.015302,0.813187,0.000144,4.1e-05,89.708333,4.0,8.0,0.0021,-0.043875,-0.014675,0.082278
TIA,binance,hl,0.008259,0.001093,0.002427,0.43956,0.001917,0.000221,89.875,4.0,1.0,0.0019,-0.041276,-0.014857,0.060671
MORPHO,hl,bybit,0.008211,0.055412,0.196247,0.615385,0.011189,0.000531,89.875,1.0,8.0,0.002,-0.043932,-0.016123,0.529323
POPMART,binance,bybit,0.009374,0.006433,0.007319,0.472222,0.00018,5.7e-05,34.708333,8.0,8.0,0.0021,-0.045376,-0.016176,1.050773
BSV,hl,bybit,0.008135,0.150371,0.272809,0.747253,0.01275,0.000736,89.875,1.0,8.0,0.002,-0.044007,-0.016198,0.321218
WIF,binance,bybit,0.00926,0.013204,0.017724,0.802198,0.000182,3.4e-05,89.875,4.0,8.0,0.0021,-0.04549,-0.01629,0.0
TIA,binance,bybit,0.008974,0.010997,0.010796,0.835165,0.000267,3.3e-05,89.875,4.0,8.0,0.0021,-0.045776,-0.016576,0.045793
ORDI,binance,bybit,0.008371,0.00822,0.011227,0.857143,0.000152,2.9e-05,89.875,4.0,8.0,0.0021,-0.046379,-0.017179,0.0
WLD,okx,binance,0.006324,0.008923,0.007898,0.736264,0.000154,2.7e-05,89.708333,8.0,8.0,0.002,-0.045819,-0.01801,0.059951
BSV,hl,binance,0.003002,0.133435,0.258796,0.747253,0.012511,0.00068,89.875,1.0,4.0,0.0019,-0.046533,-0.020114,0.249452
BSV,binance,bybit,0.005133,0.016935,0.014013,0.791209,0.001463,0.000114,89.875,4.0,8.0,0.0021,-0.049617,-0.020417,0.071766
OG,binance,bybit,0.005012,0.007857,0.001283,0.769231,0.000417,4.5e-05,89.708333,4.0,8.0,0.0021,-0.049738,-0.020538,0.0
HANMI,bybit,binance,0.004889,0.004889,0.007109,0.263158,0.00013,6.2e-05,17.708333,8.0,8.0,0.0021,-0.049861,-0.020661,0.485041
RUNE,binance,bybit,0.004724,0.002576,0.002957,0.604396,7.6e-05,2.4e-05,89.708333,8.0,8.0,0.0021,-0.050026,-0.020826,0.0
MRVL,binance,bybit,0.004084,-0.001301,0.000744,0.494505,0.002036,0.000156,89.708333,8.0,8.0,0.0021,-0.050666,-0.021466,0.051531
ADA,okx,binance,0.002667,0.000533,0.004211,0.549451,0.00013,1.8e-05,89.708333,8.0,8.0,0.002,-0.049476,-0.021666,0.105678
ATOM,bybit,binance,0.003596,0.000499,0.004946,0.637363,0.000169,2.8e-05,89.708333,8.0,8.0,0.0021,-0.051154,-0.021954,0.223785
PEPE,bybit,binance,0.003513,-0.001763,-0.005987,0.538462,0.000245,3e-05,89.708333,8.0,8.0,0.0021,-0.051237,-0.022037,0.049439
BITO,binance,bybit,0.003451,0.005043,0.005452,0.297297,0.000413,9.2e-05,35.375,8.0,8.0,0.0021,-0.051299,-0.022099,1.045637
ENA,binance,okx,0.002223,0.006001,0.012057,0.681319,0.000545,3.8e-05,89.875,4.0,8.0,0.002,-0.04992,-0.02211,0.014717
S,bybit,binance,0.003268,-0.002929,-0.008349,0.494505,0.000536,6.2e-05,89.875,8.0,4.0,0.0021,-0.051482,-0.022282,0.048443
XRP,okx,binance,0.001659,0.001242,0.002023,0.626374,0.00014,1.3e-05,89.708333,8.0,8.0,0.002,-0.050484,-0.022675,0.001303
RENDER,binance,bybit,0.002573,0.000421,0.014696,0.681319,0.000774,5.1e-05,89.875,4.0,8.0,0.0021,-0.052177,-0.022977,0.0
PENGU,bybit,okx,0.002525,-0.000347,-0.002034,0.637363,8.8e-05,1.7e-05,89.875,8.0,8.0,0.0021,-0.052225,-0.023025,0.05475
BTC,binance,bybit,0.002206,0.0027,0.002963,0.736264,9.4e-05,1e-05,89.708333,8.0,8.0,0.0021,-0.052544,-0.023344,0.0
UNI,binance,bybit,0.002198,0.002192,0.002398,0.637363,5.3e-05,1.3e-05,89.708333,8.0,8.0,0.0021,-0.052552,-0.023352,0.028853
SEI,bybit,binance,0.002197,0.002912,-0.001242,0.582418,0.000412,2.8e-05,89.708333,8.0,8.0,0.0021,-0.052553,-0.023353,0.116059
DOGE,okx,bybit,0.002171,0.002075,0.000872,0.615385,9.9e-05,1.3e-05,89.708333,8.0,8.0,0.0021,-0.052579,-0.023379,0.005659
ADA,bybit,binance,0.002158,-0.000871,0.000576,0.549451,0.000171,2e-05,89.708333,8.0,8.0,0.0021,-0.052592,-0.023392,0.105678
DOGE,okx,binance,0.000833,1.7e-05,-0.001757,0.538462,8.4e-05,1.3e-05,89.708333,8.0,8.0,0.002,-0.05131,-0.023501,0.029717
GMX,binance,bybit,0.001948,0.000787,0.000753,0.373626,0.000596,4.3e-05,89.708333,8.0,8.0,0.0021,-0.052802,-0.023602,0.039037
SNXX,binance,bybit,0.001837,-0.003859,-0.001755,0.4,0.00056,0.000103,48.708333,8.0,8.0,0.0021,-0.052913,-0.023713,0.18742
BABA,binance,bybit,0.001787,0.007084,0.012202,0.527473,0.00113,0.000125,89.708333,8.0,8.0,0.0021,-0.052963,-0.023763,0.602502
AR,binance,bybit,0.001723,0.003583,0.003018,0.483516,0.000133,2e-05,89.708333,8.0,8.0,0.0021,-0.053027,-0.023827,0.130863
PENGU,binance,okx,0.000411,0.011432,0.013565,0.648352,0.000963,4.8e-05,89.875,4.0,8.0,0.002,-0.051731,-0.023922,0.05475
LDO,binance,bybit,0.001472,0.002069,0.001229,0.494505,0.000198,2e-05,89.708333,8.0,8.0,0.0021,-0.053278,-0.024078,0.037767
ONDS,bybit,binance,0.001419,0.00218,0.000978,0.223529,0.000368,5.7e-05,83.708333,8.0,8.0,0.0021,-0.053331,-0.024131,0.312064
DOT,bybit,binance,0.001383,0.001035,0.002813,0.516484,0.000104,1.8e-05,89.708333,8.0,8.0,0.0021,-0.053367,-0.024167,0.060499
AVGO,binance,bybit,0.001261,-0.000689,0.008379,0.395604,0.000387,5.2e-05,89.708333,8.0,8.0,0.0021,-0.053489,-0.024289,0.155205
SUI,bybit,binance,0.001254,0.001913,0.001261,0.593407,6.9e-05,1.3e-05,89.708333,8.0,8.0,0.0021,-0.053496,-0.024296,0.00023
ZM,binance,bybit,0.001224,-0.003208,-0.000144,0.255319,0.000362,6.1e-05,45.708333,8.0,8.0,0.0021,-0.053526,-0.024326,1.028599
LTC,binance,bybit,0.001156,0.001685,0.001296,0.527473,8.3e-05,1.4e-05,89.708333,8.0,8.0,0.0021,-0.053594,-0.024394,0.076847
ETC,binance,bybit,0.001125,0.002656,0.003653,0.549451,0.000141,1.3e-05,89.708333,8.0,8.0,0.0021,-0.053625,-0.024425,0.0
FIL,binance,bybit,0.001018,0.001472,0.001502,0.516484,0.000185,1.8e-05,89.708333,8.0,8.0,0.0021,-0.053732,-0.024532,0.0
WLD,bybit,binance,0.000827,0.002781,0.006137,0.472527,0.000236,2.9e-05,89.708333,8.0,8.0,0.0021,-0.053923,-0.024723,0.059951
CRV,binance,bybit,0.000622,-0.000816,-0.003214,0.417582,0.000177,1.7e-05,89.708333,8.0,8.0,0.0021,-0.054128,-0.024928,0.0
TIA,bybit,hl,-0.000714,-0.009904,-0.008369,0.428571,0.00257,0.000229,89.875,8.0,1.0,0.002,-0.052857,-0.025048,0.014878
TTWO,binance,bybit,0.000427,0.002927,0.00755,0.327586,0.000319,5.2e-05,56.708333,8.0,8.0,0.0021,-0.054323,-0.025123,0.368599
ETH,binance,bybit,0.000396,0.000722,0.001046,0.615385,7.1e-05,8e-06,89.708333,8.0,8.0,0.0021,-0.054354,-0.025154,0.016294
OP,binance,bybit,-7.5e-05,3e-06,-0.002759,0.406593,0.00024,2.8e-05,89.708333,8.0,8.0,0.0021,-0.054825,-0.025625,0.0
XRP,bybit,binance,-0.000161,-0.000142,-0.000535,0.472527,0.000229,1.2e-05,89.708333,8.0,8.0,0.0021,-0.054911,-0.025711,0.001303
SOL,bybit,binance,-0.000162,-0.000235,-0.000931,0.428571,0.00026,1.3e-05,89.708333,8.0,8.0,0.0021,-0.054912,-0.025712,0.036978
NEAR,binance,bybit,-0.000221,-0.0013,-0.003493,0.43956,0.000177,1.9e-05,89.708333,8.0,8.0,0.0021,-0.054971,-0.025771,0.0
BNB,bybit,binance,-0.000257,0.000818,0.000999,0.516484,0.000296,2.2e-05,89.708333,8.0,8.0,0.0021,-0.055007,-0.025807,0.086045
ADA,bybit,okx,-0.000509,-0.001403,-0.003635,0.417582,0.000178,2.2e-05,89.708333,8.0,8.0,0.0021,-0.055259,-0.026059,0.0
AAVE,bybit,binance,-0.000736,-0.001143,-0.00262,0.395604,0.000418,1.5e-05,89.708333,8.0,8.0,0.0021,-0.055486,-0.026286,0.032587
SUI,bybit,okx,-0.000861,-0.000598,0.001222,0.43956,0.000316,1.5e-05,89.708333,8.0,8.0,0.0021,-0.055611,-0.026411,0.018091
AVAX,binance,bybit,-0.000887,0.000349,-0.001205,0.340659,0.000259,1.5e-05,89.708333,8.0,8.0,0.0021,-0.055637,-0.026437,0.029083
SUI,binance,okx,-0.002115,-0.002511,-3.9e-05,0.252747,0.000558,1.1e-05,89.708333,8.0,8.0,0.002,-0.054258,-0.026448,0.017861
TRX,bybit,binance,-0.001065,-0.002548,-0.001819,0.373626,0.0008,2.7e-05,89.708333,8.0,8.0,0.0021,-0.055815,-0.026615,0.058615
QNTX,binance,bybit,-0.001165,0.01761,0.01538,0.494118,0.002355,0.000133,83.708333,8.0,8.0,0.0021,-0.055915,-0.026715,1.288213
XMR,bybit,binance,-0.00121,-0.006709,-0.014274,0.21978,0.000682,3.5e-05,89.708333,8.0,8.0,0.0021,-0.05596,-0.02676,0.236553
OP,binance,okx,-0.002511,-0.001851,-0.004913,0.32967,0.000617,2.4e-05,89.708333,8.0,8.0,0.002,-0.054654,-0.026844,0.002541
DOGE,bybit,binance,-0.001338,-0.002059,-0.002629,0.373626,0.000359,1.2e-05,89.708333,8.0,8.0,0.0021,-0.056088,-0.026888,0.024057
ARM,binance,bybit,-0.001372,0.004524,0.007642,0.505495,0.002859,0.000163,89.708333,8.0,8.0,0.0021,-0.056122,-0.026922,0.096207
ENA,bybit,okx,-0.001384,-0.002332,0.000605,0.373626,0.000492,2.3e-05,89.875,8.0,8.0,0.0021,-0.056134,-0.026934,0.05475
ARB,bybit,okx,-0.001444,-0.001247,-0.000406,0.362637,0.000455,1.7e-05,89.708333,8.0,8.0,0.0021,-0.056194,-0.026994,0.062231
CRV,binance,okx,-0.00303,-0.003042,-0.006273,0.21978,0.000745,1.5e-05,89.708333,8.0,8.0,0.002,-0.055172,-0.027363,0.0
XRP,bybit,okx,-0.00182,-0.001384,-0.002558,0.351648,0.000458,1.5e-05,89.708333,8.0,8.0,0.0021,-0.05657,-0.02737,0.0
PENGU,binance,bybit,-0.002113,0.011779,0.0156,0.571429,0.001532,5.3e-05,89.875,4.0,8.0,0.0021,-0.056863,-0.027663,0.0
DOT,bybit,hl,-0.003377,0.015845,0.035154,0.406593,0.006468,0.000239,89.708333,8.0,1.0,0.002,-0.055519,-0.02771,0.195366
DOT,binance,hl,-0.00476,0.014809,0.032341,0.417582,0.006623,0.000239,89.708333,8.0,1.0,0.0019,-0.054296,-0.027877,0.134867
OP,bybit,okx,-0.002436,-0.001854,-0.002154,0.32967,0.000601,2.3e-05,89.708333,8.0,8.0,0.0021,-0.057186,-0.027986,0.002541
ARB,binance,bybit,-0.002561,-0.002823,-0.00094,0.43956,0.000685,2.4e-05,89.708333,8.0,8.0,0.0021,-0.057311,-0.028111,0.0
TAO,bybit,binance,-0.002643,-0.010111,-0.010092,0.307692,0.001028,3.3e-05,89.875,8.0,4.0,0.0021,-0.057393,-0.028193,0.000569
ONDO,binance,bybit,-0.002666,0.002828,0.005586,0.505495,0.001073,4.8e-05,89.875,4.0,8.0,0.0021,-0.057416,-0.028216,0.0
ARB,binance,okx,-0.004005,-0.00407,-0.001345,0.340659,0.001048,2.2e-05,89.708333,8.0,8.0,0.002,-0.056148,-0.028338,0.062231
PAXG,bybit,binance,-0.003014,-0.001104,-0.006717,0.362637,0.000777,2.5e-05,89.875,8.0,4.0,0.0021,-0.057764,-0.028564,0.064999
LINK,bybit,binance,-0.003141,-0.00361,-0.00219,0.230769,0.000778,1.1e-05,89.708333,8.0,8.0,0.0021,-0.057891,-0.028691,0.024977
INJ,binance,bybit,-0.003422,-0.001772,-0.001271,0.373626,0.001012,2.7e-05,89.708333,8.0,8.0,0.0021,-0.058172,-0.028972,0.0
ENA,bybit,binance,-0.003606,-0.008333,-0.011452,0.362637,0.001198,4.2e-05,89.875,8.0,4.0,0.0021,-0.058356,-0.029156,0.040033
CRV,bybit,okx,-0.003651,-0.002227,-0.003059,0.21978,0.000968,1.8e-05,89.708333,8.0,8.0,0.0021,-0.058401,-0.029201,0.0
APT,binance,bybit,-0.003865,-0.003902,-0.004301,0.263736,0.00095,2.2e-05,89.708333,8.0,8.0,0.0021,-0.058615,-0.029415,0.028875
MORPHO,hl,binance,-0.006647,0.04278,0.180558,0.593407,0.011648,0.000524,89.875,1.0,4.0,0.0019,-0.056183,-0.029764,0.14673
WLD,bybit,okx,-0.005497,-0.006141,-0.001761,0.120879,0.001471,2.2e-05,89.708333,8.0,8.0,0.0021,-0.060247,-0.031047,0.0
TRUMP,bybit,okx,-0.006805,-0.003863,-0.000868,0.318681,0.001678,3.7e-05,89.875,8.0,8.0,0.0021,-0.061555,-0.032355,0.076652
APT,hl,binance,-0.009835,-0.018783,0.0058,0.56044,0.003697,0.000272,89.708333,1.0,8.0,0.0019,-0.059371,-0.032952,0.075807
TMF,binance,bybit,-0.008295,-0.008611,-0.016998,0.2,0.000877,4.9e-05,33.708333,8.0,8.0,0.0021,-0.063045,-0.033845,1.797924
JUP,binance,bybit,-0.009277,0.003361,0.010118,0.296703,0.002786,5e-05,89.875,4.0,8.0,0.0021,-0.064027,-0.034827,0.0
PYTH,binance,hl,-0.011974,-0.061194,-0.085676,0.307692,0.007128,0.000328,89.875,4.0,1.0,0.0019,-0.06151,-0.035091,0.0
KSTR,binance,bybit,-0.012029,-0.01537,-0.022504,0.28,0.001948,0.000144,48.708333,8.0,8.0,0.0021,-0.066779,-0.037579,0.460404
APT,hl,bybit,-0.0137,-0.022684,0.001498,0.549451,0.00419,0.000279,89.708333,1.0,8.0,0.002,-0.065842,-0.038033,0.104682
AMAT,binance,bybit,-0.014903,0.000862,0.008156,0.488372,0.006607,0.000329,84.708333,8.0,8.0,0.0021,-0.069653,-0.040453,0.387455
JUP,bybit,hl,-0.016131,-0.019786,-0.154391,0.285714,0.007698,0.000418,89.875,8.0,1.0,0.002,-0.068273,-0.040464,0.0
VIRTUAL,binance,bybit,-0.014954,0.002658,0.011312,0.395604,0.00421,7.4e-05,89.875,4.0,8.0,0.0021,-0.069704,-0.040504,0.0
ARB,bybit,hl,-0.016645,-0.001698,-0.035483,0.351648,0.005473,0.000182,89.708333,8.0,1.0,0.002,-0.068788,-0.040978,0.0
MVLL,bybit,binance,-0.015824,0.003266,-0.006859,0.328125,0.003255,0.000206,62.708333,8.0,8.0,0.0021,-0.070574,-0.041374,0.185613
M,bybit,binance,-0.015925,-0.042503,-0.021766,0.307692,0.003953,0.00022,89.875,8.0,4.0,0.0021,-0.070675,-0.041475,1.161248
ARB,binance,hl,-0.019206,-0.00452,-0.036422,0.351648,0.005679,0.000177,89.708333,8.0,1.0,0.0019,-0.068742,-0.042323,0.0
VIRTUAL,bybit,hl,-0.019682,-0.110172,-0.166699,0.32967,0.009706,0.000374,89.875,8.0,1.0,0.002,-0.071825,-0.044015,0.0
ZHIPU,bybit,binance,-0.020354,7.1e-05,0.005261,0.416667,0.00245,0.000233,34.708333,8.0,8.0,0.0021,-0.075104,-0.045904,0.370745
KAS,binance,hl,-0.023584,-0.116213,-0.167982,0.296703,0.010018,0.000372,89.875,4.0,1.0,0.0019,-0.07312,-0.046701,0.0
PENGU,bybit,hl,-0.023348,-0.102394,-0.19188,0.307692,0.008553,0.000408,89.875,8.0,1.0,0.002,-0.075491,-0.047681,0.0
JUP,binance,hl,-0.025407,-0.016424,-0.144272,0.252747,0.009012,0.0004,89.875,4.0,1.0,0.0019,-0.074943,-0.048524,0.0
PENGU,binance,hl,-0.025461,-0.090614,-0.17628,0.32967,0.007606,0.000378,89.875,4.0,1.0,0.0019,-0.074997,-0.048578,0.0
PYTH,bybit,hl,-0.026841,-0.072916,-0.097301,0.230769,0.009612,0.000329,89.875,8.0,1.0,0.002,-0.078984,-0.051174,0.0
RENDER,binance,hl,-0.031282,-0.085179,-0.1218,0.230769,0.007777,0.00027,89.875,4.0,1.0,0.0019,-0.080818,-0.054399,0.0
KODEX200,bybit,binance,-0.030231,-0.030231,-0.029135,0.105263,0.001467,0.000135,17.708333,8.0,8.0,0.0021,-0.084981,-0.055781,1.229105
VIRTUAL,binance,hl,-0.034637,-0.107514,-0.155387,0.252747,0.011727,0.000324,89.875,4.0,1.0,0.0019,-0.084172,-0.057753,0.0
RENDER,bybit,hl,-0.033855,-0.0856,-0.136496,0.230769,0.008336,0.000289,89.875,8.0,1.0,0.002,-0.085998,-0.058189,0.0
KAS,bybit,hl,-0.03508,-0.130287,-0.181995,0.285714,0.011257,0.000376,89.875,8.0,1.0,0.002,-0.087223,-0.059413,0.0
SHAZ,binance,bybit,-0.034516,-0.021858,-0.027854,0.232558,0.004177,0.000205,41.708333,8.0,8.0,0.0021,-0.089266,-0.060066,1.463785
ADA,hl,binance,-0.041282,0.015364,0.055129,0.472527,0.012485,0.000384,89.708333,1.0,8.0,0.0019,-0.090818,-0.064399,0.105678
ADA,hl,okx,-0.043949,0.014832,0.050919,0.461538,0.012997,0.000389,89.708333,1.0,8.0,0.0019,-0.093485,-0.067066,0.0
XRP,bybit,hl,-0.045074,-0.093458,-0.137793,0.263736,0.012575,0.000246,89.708333,8.0,1.0,0.002,-0.097217,-0.069407,0.0
BNC,bybit,binance,-0.045496,-0.032655,-0.018016,0.3125,0.00617,0.000293,46.708333,8.0,8.0,0.0021,-0.100246,-0.071046,0.715342
OP,hl,okx,-0.055647,-0.032735,-0.050378,0.384615,0.013994,0.00033,89.708333,1.0,8.0,0.0019,-0.105183,-0.078764,0.002541
ORDI,binance,hl,-0.061853,-0.081248,-0.08686,0.120879,0.015689,0.000136,89.875,4.0,1.0,0.0019,-0.111388,-0.084969,0.0
WLD,bybit,hl,-0.061665,-0.071366,-0.081494,0.186813,0.017748,0.000352,89.708333,8.0,1.0,0.002,-0.113808,-0.085998,0.0
PAXG,binance,hl,-0.067112,-0.083598,-0.065713,0.076923,0.016602,0.00011,89.875,4.0,1.0,0.0019,-0.116647,-0.090228,0.034524
WIF,binance,hl,-0.069228,-0.110965,-0.150252,0.087912,0.018654,0.000231,89.875,4.0,1.0,0.0019,-0.118764,-0.092345,0.0
LTC,binance,hl,-0.069245,-0.00347,0.0,0.111111,0.012464,0.000134,62.583333,8.0,1.0,0.0019,-0.11878,-0.092361,0.0
PAXG,bybit,hl,-0.070126,-0.084702,-0.07243,0.054945,0.017362,0.000107,89.875,8.0,1.0,0.002,-0.122268,-0.094459,0.099523
ORDI,bybit,hl,-0.070224,-0.089468,-0.098088,0.10989,0.017693,0.000145,89.875,8.0,1.0,0.002,-0.122367,-0.094557,0.0
BTC,binance,hl,-0.07162,-0.075012,-0.093248,0.054945,0.017607,0.000102,89.708333,8.0,1.0,0.0019,-0.121156,-0.094737,0.0
BTC,bybit,hl,-0.073826,-0.077712,-0.096212,0.054945,0.018148,0.000101,89.708333,8.0,1.0,0.002,-0.125968,-0.098159,0.0
WIF,bybit,hl,-0.078488,-0.124169,-0.167976,0.087912,0.020984,0.000244,89.875,8.0,1.0,0.002,-0.130631,-0.102821,0.0
LDO,binance,hl,-0.086721,0.0,0.0,0.045455,0.00495,0.0001,20.833333,8.0,1.000001,0.0019,-0.136256,-0.109837,0.0
RUNE,binance,hl,-0.087845,-0.100958,-0.099321,0.021978,0.02159,0.000148,89.708333,8.0,1.0,0.0019,-0.13738,-0.110961,0.0
RUNE,bybit,hl,-0.092569,-0.103534,-0.102278,0.021978,0.022751,0.000143,89.708333,8.0,1.0,0.002,-0.144711,-0.116902,0.0
ONDO,bybit,hl,-0.094204,-0.135659,-0.199752,0.076923,0.023279,0.000258,89.875,8.0,1.0,0.002,-0.146347,-0.118537,0.0
HYPE,binance,hl,-0.096209,-0.006237,0.0,0.0,0.016496,0.000128,62.583333,4.0,1.0,0.0019,-0.145745,-0.119326,0.0
ONDO,binance,hl,-0.09687,-0.132831,-0.194166,0.065934,0.023853,0.000249,89.875,4.0,1.0,0.0019,-0.146406,-0.119987,0.0
ENA,bybit,hl,-0.098208,-0.139544,-0.210901,0.032967,0.024182,0.000302,89.875,8.0,1.0,0.002,-0.150351,-0.122541,0.0
AR,binance,hl,-0.102761,0.0,0.0,0.023256,0.011742,8e-05,41.708333,8.0,1.000001,0.0019,-0.152297,-0.125878,0.0
TAO,binance,hl,-0.105608,-0.156993,-0.216305,0.021978,0.026004,0.000269,89.875,4.0,1.0,0.0019,-0.155143,-0.128724,0.0
TAO,bybit,hl,-0.108251,-0.167104,-0.226398,0.043956,0.026655,0.000278,89.875,8.0,1.0,0.002,-0.160394,-0.132584,0.000569
S,hl,binance,-0.122388,-0.061664,0.024559,0.428571,0.032953,0.000695,89.875,1.0,4.0,0.0019,-0.171923,-0.145504,0.048443
ZEC,hl,binance,-0.130328,0.0,0.0,0.545455,0.011389,0.00092,20.833333,1.000001,8.0,0.0019,-0.179864,-0.153445,0.01637
TRUMP,hl,binance,-0.18423,-0.014682,0.019962,0.340659,0.04658,0.000748,89.875,1.0,4.0,0.0019,-0.233766,-0.207347,0.104156
TRUMP,hl,okx,-0.210832,-0.014466,0.021127,0.318681,0.053221,0.000842,89.875,1.0,8.0,0.0019,-0.260368,-0.233949,0.076652
