venue,base,n_windows,bid_500_min,bid_500_med,bid_500_max,bid_500_winok,bid_1000_min,bid_1000_med,bid_1000_max,bid_1000_winok,bid_2500_min,bid_2500_med,bid_2500_max,bid_2500_winok,bid_5000_min,bid_5000_med,bid_5000_max,bid_5000_winok,bid_10000_min,bid_10000_med,bid_10000_max,bid_10000_winok,bid_25000_min,bid_25000_med,bid_25000_max,bid_25000_winok,ask_500_min,ask_500_med,ask_500_max,ask_500_winok,ask_1000_min,ask_1000_med,ask_1000_max,ask_1000_winok,ask_2500_min,ask_2500_med,ask_2500_max,ask_2500_winok,ask_5000_min,ask_5000_med,ask_5000_max,ask_5000_winok,ask_10000_min,ask_10000_med,ask_10000_max,ask_10000_winok,ask_25000_min,ask_25000_med,ask_25000_max,ask_25000_winok,spread_med,spread_max
aster,AR,9,8.8,11.22,13.24,9,8.8,11.24,13.24,9,10.98,15.26,19.57,9,14.63,22.31,26.59,8,19.39,25.13,31.54,4,238.54,301.53,468.82,0,6.73,11.24,13.24,9,6.73,11.25,15.78,9,11.62,14.12,19.5,9,17.29,18.79,25.58,7,20.71,22.63,172.44,7,67.4,205.94,498.76,0,22.42,26.49
aster,BTW,9,4.1,7.45,9.09,9,4.1,8.81,10.52,9,4.71,10.34,15.29,9,8.8,13.86,23.67,9,13.41,20.02,31.33,8,27.09,37.69,58.26,0,5.68,6.07,11.61,9,5.7,6.26,13.84,9,6.23,7.83,16.48,9,6.97,9.61,18.49,9,8.62,13.3,21.57,9,19.26,25.69,38.45,3,10.96,13.73
aster,FET,9,9.76,9.94,13.11,9,9.76,9.94,13.11,9,9.77,12.93,15.03,9,9.9,13.12,16.25,9,12.45,14.63,17.46,9,16.25,29.88,109.6,2,9.76,9.94,13.43,9,9.76,9.94,16.56,9,9.9,12.93,18.43,9,9.9,14.86,20.11,9,9.94,15.71,63.47,5,10.73,108.01,440.29,1,19.87,26.21
aster,FIL,9,6.26,7.18,13.0,9,6.26,7.18,13.0,9,6.48,12.95,14.17,9,7.18,13.0,16.14,9,7.18,14.33,17.68,9,21.57,23.59,104.73,7,6.26,7.18,13.0,9,6.26,7.55,13.0,9,9.7,12.97,14.69,9,13.0,14.33,17.85,9,14.33,19.69,21.52,9,58.63,89.23,144.09,0,14.36,26.01
aster,ICP,9,2.76,6.19,7.91,9,4.47,9.58,11.88,9,8.04,12.47,15.42,9,9.27,14.95,18.85,9,12.23,18.96,21.27,9,16.59,24.43,33.15,5,2.06,4.08,7.72,9,2.06,4.83,10.01,9,4.54,8.87,14.56,9,5.36,10.55,17.53,9,7.67,14.5,21.05,9,32.73,51.84,76.1,0,8.0,8.2
aster,KAS,9,9.18,14.49,16.43,9,9.18,14.49,16.43,9,11.12,14.76,18.35,9,19.71,23.7,25.94,8,24.45,29.22,32.14,1,43.82,47.04,51.73,0,11.93,14.52,16.43,9,14.52,16.92,18.34,9,19.41,22.13,24.28,9,27.19,29.01,32.05,0,59.36,63.02,69.76,0,270.7,282.88,298.63,0,28.98,32.86
aster,KITE,9,0.36,5.03,6.8,9,0.73,6.2,8.65,9,4.58,9.03,12.12,9,8.59,13.71,15.07,9,13.05,18.55,20.78,9,84.69,152.22,240.8,0,0.36,3.98,7.26,9,0.36,4.89,8.45,9,6.46,10.69,11.69,9,11.75,15.98,23.09,9,67.9,100.55,300.79,0,376.21,453.93,473.43,0,7.96,13.15
aster,LDO,9,5.61,6.97,10.88,9,5.61,6.97,10.88,9,9.39,11.13,14.22,9,11.73,14.27,16.81,9,13.54,15.84,19.95,9,28.56,208.15,267.86,0,5.61,6.91,10.88,9,5.62,6.91,10.88,9,8.52,10.49,11.97,9,10.42,13.55,15.73,9,12.01,14.38,139.77,6,190.88,241.74,492.68,0,13.82,21.76
aster,MAGMA,9,4.88,7.47,10.03,9,6.83,8.09,11.09,9,7.24,11.19,18.52,9,8.93,15.9,28.34,8,15.86,28.92,47.9,2,44.96,79.86,186.38,0,4.57,8.02,10.69,9,4.58,8.84,13.67,9,7.51,13.27,17.47,9,10.19,19.07,25.68,8,17.72,32.7,40.68,1,59.4,115.09,159.18,0,11.27,15.7
aster,MORPHO,9,6.92,7.33,14.98,9,6.92,7.33,14.98,9,7.15,13.79,15.48,9,30.07,103.48,113.7,0,107.23,184.54,197.93,0,229.0,321.69,1209.85,0,6.92,7.33,125.2,8,6.93,7.34,127.85,8,12.6,15.64,147.12,8,104.34,119.81,212.22,0,169.85,210.23,251.49,0,232.31,350.37,599.18,0,14.65,29.96
aster,ONDO,9,2.93,2.97,6.02,9,2.93,2.97,6.6,9,3.72,4.3,7.22,9,4.77,5.7,8.64,9,5.31,6.65,9.36,9,9.01,9.78,13.63,9,2.91,2.95,7.71,9,2.92,2.95,8.89,9,2.94,4.38,9.6,9,2.94,4.66,10.75,9,4.12,5.38,13.16,9,9.51,19.41,38.97,7,5.89,11.72
aster,POWER,9,10.71,17.79,24.39,9,10.71,17.79,24.53,9,60.18,142.44,324.37,0,240.35,518.39,1458.36,0,496.99,1059.05,1458.36,0,795.3,1059.05,1458.36,0,10.71,16.91,25.82,8,10.71,17.05,26.39,8,68.25,157.66,326.41,0,210.61,544.31,749.14,0,491.71,704.18,864.94,0,649.59,749.14,864.94,0,32.1,46.78
aster,RIVER,9,3.97,7.61,11.38,9,3.97,7.61,11.49,9,7.29,10.31,14.51,9,11.33,14.55,18.31,9,17.47,21.02,25.86,7,38.83,48.79,53.65,0,3.87,7.4,8.1,9,3.87,7.45,8.1,9,7.39,7.93,10.42,9,10.51,11.47,13.92,9,13.76,15.72,18.11,9,21.35,25.93,29.18,4,14.79,16.19
aster,SPX,9,11.14,12.52,13.16,9,11.14,12.52,13.16,9,12.09,13.4,14.01,9,17.91,20.7,22.58,9,21.66,24.91,28.92,5,748.19,768.74,838.55,0,11.29,12.99,13.58,9,11.29,16.58,18.18,9,13.55,22.57,94.58,8,20.95,27.92,1949.73,3,230.53,950.74,1949.73,0,925.14,1027.56,1949.73,0,25.04,26.32
aster,TAO,9,1.69,2.4,4.33,9,2.53,4.19,5.26,9,3.69,6.34,7.19,9,4.91,7.26,8.19,9,5.31,8.69,10.29,9,7.59,11.52,12.61,9,0.38,1.04,3.18,9,0.54,1.33,3.25,9,0.63,2.06,4.72,9,0.85,2.64,5.75,9,2.04,3.99,7.52,9,5.64,7.64,10.45,9,1.59,5.74
aster,UAI,9,3.97,5.79,8.28,9,3.97,6.07,8.56,9,4.03,7.04,9.81,9,4.53,9.01,14.06,9,7.57,12.56,19.18,9,16.76,22.58,25.64,7,1.85,8.05,12.04,9,1.85,8.05,13.14,9,5.04,10.18,13.8,9,8.43,12.45,18.63,9,10.24,17.2,26.13,8,23.63,27.27,53.42,3,11.57,16.56
aster,USELESS,9,5.59,7.11,10.48,9,5.59,7.11,10.57,9,7.95,9.35,10.93,9,9.8,11.84,15.87,9,14.5,17.07,21.12,9,18.61,27.34,53.39,3,6.61,8.37,12.42,9,7.67,8.93,13.97,9,9.34,10.53,20.89,9,11.99,14.47,28.96,8,15.53,20.67,45.01,6,33.12,68.23,156.5,0,14.22,20.46
aster,WIF,9,7.59,12.53,15.22,9,7.59,12.54,15.22,9,7.59,12.81,15.48,9,9.11,15.48,18.54,9,12.96,17.45,21.48,9,22.52,29.71,54.88,2,7.59,12.53,15.22,9,7.59,12.53,16.83,9,10.33,15.69,21.38,9,10.73,19.6,24.99,9,12.69,32.58,50.14,4,39.69,116.3,139.48,0,25.07,30.44
aster,XMR,9,0.79,2.45,3.5,9,1.16,2.47,3.52,9,2.02,3.02,5.44,9,2.64,4.29,6.57,9,4.24,6.09,8.94,9,7.26,10.72,15.98,9,1.15,2.34,3.92,9,1.15,2.61,3.94,9,1.15,3.42,4.73,9,2.17,4.03,6.76,9,4.23,5.88,10.44,9,9.17,10.9,19.84,9,3.66,6.68
aster,ZEN,9,6.34,11.13,83.78,8,6.34,11.13,86.64,8,6.85,14.6,88.9,8,11.24,17.06,95.23,8,14.23,20.56,98.51,6,284.03,443.49,535.14,0,6.34,11.5,76.98,8,6.35,12.42,78.67,7,12.66,18.27,255.79,7,14.31,22.95,913.51,5,31.18,404.76,913.51,0,261.73,404.76,913.51,0,22.26,150.56
aster,ZRO,9,3.74,9.47,11.34,9,9.16,12.83,15.18,9,14.02,15.89,18.38,9,20.43,21.3,24.18,9,24.34,25.85,28.02,3,64.24,100.43,323.91,0,1.0,7.36,10.14,9,1.0,8.67,24.53,9,11.17,14.63,98.72,7,12.73,18.32,198.49,6,19.62,125.47,382.12,1,244.08,642.44,1294.27,0,11.98,14.72
aster,龙虾,9,6.76,9.94,55.91,8,7.41,12.45,55.91,8,7.68,18.34,59.12,8,11.27,30.03,101.13,2,18.42,68.14,179.25,1,47.35,264.27,446.78,0,4.21,9.18,56.02,8,4.21,12.02,60.01,8,4.99,23.44,80.71,5,6.84,39.19,108.81,2,13.3,72.57,197.47,1,48.7,273.74,466.08,0,12.91,111.82
binance,AR,9,2.25,3.97,5.31,9,4.41,5.25,5.98,9,6.68,7.64,8.51,9,8.84,10.21,10.88,9,11.6,13.15,15.85,9,17.51,20.17,25.38,8,2.74,4.39,5.71,9,4.22,5.42,6.5,9,6.1,7.71,8.52,9,8.33,9.94,12.31,9,10.64,12.63,16.89,9,16.01,18.55,25.04,8,4.49,4.56
binance,FET,9,3.23,3.28,3.31,9,3.23,3.28,3.31,9,3.23,3.3,5.26,9,3.28,5.87,7.5,9,3.28,7.78,8.63,9,6.82,9.02,10.63,9,3.23,3.28,3.31,9,3.23,3.28,3.31,9,3.23,3.28,3.31,9,3.23,3.3,6.22,9,3.23,3.94,8.03,9,5.67,7.52,10.26,9,6.56,6.62
binance,FIL,9,0.65,0.72,1.4,9,0.65,0.95,2.11,9,1.03,1.6,3.16,9,1.49,2.05,3.84,9,2.05,2.76,4.95,9,3.27,4.25,6.69,9,0.63,0.65,1.27,9,0.64,1.08,1.61,9,0.85,1.62,1.88,9,1.39,1.76,2.56,9,1.84,2.13,3.19,9,2.99,3.37,4.71,9,1.3,1.44
binance,KAS,9,1.8,4.68,6.31,9,3.02,6.23,7.09,9,5.43,8.63,9.84,9,7.34,10.68,11.98,9,10.05,14.48,16.01,9,17.35,22.59,26.87,7,1.8,3.65,4.75,9,3.28,4.87,7.45,9,6.16,7.4,12.0,9,8.62,9.68,14.85,9,11.88,14.0,17.8,9,19.11,24.62,26.75,5,3.66,7.33
binance,KITE,9,1.46,2.92,3.56,9,3.18,4.09,5.71,9,5.31,6.24,10.31,9,7.36,9.58,13.93,9,11.46,13.23,17.76,9,20.57,22.78,30.11,5,1.56,3.99,4.35,9,2.65,5.28,6.0,9,4.15,8.5,10.86,9,5.59,12.27,15.48,9,8.3,17.1,21.01,9,16.93,28.04,35.69,3,2.17,3.63
binance,LDO,9,1.36,2.38,3.87,9,2.03,3.24,3.96,9,3.65,3.99,5.49,9,4.88,5.5,6.64,9,6.54,7.83,8.86,9,9.77,11.02,15.73,9,1.35,2.46,3.4,9,1.4,3.32,3.75,9,3.0,4.01,4.78,9,4.68,5.55,6.62,9,5.98,7.12,8.75,9,8.57,11.3,13.59,9,2.74,2.81
binance,MAGMA,9,1.18,3.03,4.81,9,1.79,4.01,8.15,9,4.07,7.83,12.73,9,6.37,11.71,17.58,9,9.87,16.02,28.06,7,16.81,33.52,74.03,3,0.92,2.35,4.91,9,1.73,3.55,6.62,9,3.29,5.43,11.83,9,4.67,8.11,18.39,9,6.43,12.94,40.12,8,11.62,32.73,101.46,4,1.27,4.13
binance,ONDO,9,1.44,1.47,1.49,9,1.44,1.47,1.49,9,1.44,1.47,2.58,9,1.46,1.48,3.49,9,1.47,2.61,3.95,9,2.87,4.07,4.82,9,1.44,1.47,1.49,9,1.44,1.47,1.49,9,1.44,1.47,2.18,9,1.44,1.47,3.29,9,1.46,1.7,3.84,9,2.63,3.42,4.68,9,2.93,2.97
binance,POWER,9,4.41,8.94,11.33,9,5.81,12.34,15.21,9,9.18,19.15,21.92,9,12.63,28.49,34.97,2,23.51,46.65,66.34,1,44.93,88.75,145.66,0,4.59,8.44,12.85,9,5.98,11.23,20.45,9,10.7,17.21,28.73,7,16.38,26.44,40.6,4,30.26,42.52,75.47,0,59.65,97.3,152.24,0,5.82,8.3
binance,RIVER,9,3.69,3.92,6.51,9,3.69,5.54,8.79,9,3.97,9.15,10.16,9,6.94,10.35,12.35,9,9.42,14.31,16.61,9,16.71,24.16,30.27,7,3.69,3.8,4.05,9,3.69,3.87,5.16,9,3.69,4.05,8.71,9,6.43,7.83,10.52,9,8.75,9.91,14.67,9,17.13,18.45,28.2,8,7.6,8.1
binance,RUNE,9,1.07,1.78,5.87,9,1.21,2.5,7.0,9,2.81,4.85,8.57,9,5.1,7.53,10.97,9,9.37,11.62,15.67,9,15.5,18.45,23.43,9,1.38,2.53,3.99,9,2.3,3.12,4.66,9,3.59,5.18,6.7,9,5.38,7.12,8.5,9,8.0,9.85,11.45,9,14.11,15.69,22.72,9,2.13,2.15
binance,TAO,9,0.22,0.23,1.06,9,0.23,0.43,1.13,9,0.53,0.98,1.49,9,0.8,1.74,2.0,9,1.23,2.27,2.76,9,3.3,3.74,4.32,9,0.22,0.23,0.59,9,0.23,0.36,0.98,9,0.7,1.05,1.78,9,1.18,1.62,2.41,9,2.15,2.28,3.23,9,3.14,3.68,4.38,9,0.46,0.46
binance,UAI,9,1.18,2.48,3.85,9,2.18,3.46,4.27,9,3.96,5.24,6.61,9,5.57,7.24,10.79,9,7.41,10.76,16.15,9,12.74,18.64,36.45,8,1.72,2.95,3.73,9,2.38,3.64,5.15,9,3.55,4.93,6.8,9,4.61,7.02,8.94,9,5.86,9.54,11.26,9,8.13,17.36,28.58,8,3.55,4.74
binance,USELESS,9,1.26,1.88,2.2,9,1.84,2.31,2.92,9,3.01,3.94,4.35,9,4.69,5.56,6.03,9,7.14,7.76,9.24,9,10.38,13.62,17.95,9,1.42,1.76,2.81,9,2.07,2.58,3.57,9,3.07,3.91,5.11,9,3.85,5.38,6.45,9,6.23,7.36,8.73,9,11.28,13.58,14.53,9,2.45,2.78
binance,WIF,9,2.5,2.54,2.62,9,2.5,2.58,4.48,9,2.53,3.64,6.36,9,2.53,5.57,6.99,9,3.85,6.53,8.76,9,7.73,9.77,13.07,9,2.5,2.54,2.62,9,2.5,2.54,3.62,9,3.18,4.27,6.09,9,5.38,5.97,6.91,9,6.57,6.93,9.44,9,9.39,9.91,14.14,9,5.07,5.23
binance,XMR,9,0.1,0.85,1.63,9,0.1,1.58,2.42,9,1.37,2.84,4.72,9,2.59,4.26,6.65,9,4.03,6.22,8.52,9,7.32,9.91,12.07,9,0.1,0.87,2.28,9,0.32,1.54,2.6,9,1.33,2.74,4.37,9,1.39,3.71,6.14,9,2.43,5.46,8.31,9,5.86,8.3,13.29,9,0.2,2.73
binance,ZEC,9,0.06,0.06,0.42,9,0.06,0.11,0.71,9,0.06,0.38,0.94,9,0.1,0.66,1.2,9,0.14,0.99,1.54,9,0.32,1.84,2.39,9,0.06,0.06,0.51,9,0.06,0.06,0.56,9,0.06,0.06,0.64,9,0.06,0.09,0.79,9,0.09,0.3,1.0,9,0.41,0.81,1.45,9,0.12,0.13
binance,ZEN,9,1.77,2.65,3.77,9,3.06,3.76,4.83,9,4.08,5.81,6.72,9,4.47,7.65,8.44,9,7.18,10.19,11.6,9,13.18,15.66,17.51,9,1.77,3.15,3.91,9,2.06,4.01,4.86,9,2.94,5.8,6.45,9,3.24,7.08,8.1,9,5.35,9.6,10.17,9,11.23,13.28,15.57,9,1.86,3.53
binance,ZRO,9,0.98,2.03,2.94,9,2.04,2.84,3.9,9,4.12,4.54,6.43,9,5.86,6.44,8.85,9,7.74,8.78,10.7,9,11.9,15.7,17.4,9,1.03,1.94,2.6,9,2.28,2.96,3.27,9,3.76,4.61,5.36,9,5.18,6.49,7.77,9,6.57,9.9,10.83,9,9.86,14.8,18.33,9,1.97,2.01
binance,龙虾,9,1.93,4.19,7.86,9,3.61,5.65,9.44,9,5.53,7.89,16.06,9,7.19,10.88,21.3,9,9.59,14.03,32.1,8,13.43,27.56,75.62,3,2.29,4.21,8.33,9,3.46,5.31,10.95,9,6.01,8.47,15.09,9,8.45,11.34,19.59,9,10.55,15.19,28.38,7,15.5,30.29,65.03,3,4.06,5.81
bitget,AR,9,6.14,6.38,8.26,9,6.71,8.7,11.51,9,9.96,13.58,17.37,9,12.66,18.01,23.55,9,16.37,23.6,32.42,6,20.65,30.93,48.71,1,5.35,6.19,7.81,9,6.63,7.66,10.99,9,9.68,10.69,17.95,9,11.5,14.4,23.42,9,13.67,18.67,30.05,7,15.94,24.45,49.35,5,4.52,8.77
bitget,BTW,9,6.4,8.87,11.29,9,7.75,10.17,14.5,9,8.5,12.87,19.3,9,12.78,17.83,23.92,9,19.16,30.51,49.49,3,41.43,56.08,71.53,0,6.97,8.89,12.02,9,7.72,10.28,15.1,9,10.1,14.87,18.75,9,13.54,21.71,27.09,8,20.61,33.16,54.5,3,42.94,56.91,75.0,0,5.05,9.55
bitget,FET,9,3.26,3.3,8.18,9,3.26,3.3,8.94,9,3.27,4.22,9.4,9,3.3,7.06,9.55,9,5.57,8.48,9.62,9,8.25,9.39,11.15,9,3.23,3.3,6.94,9,3.23,3.31,8.37,9,3.23,4.57,9.22,9,3.23,7.16,9.51,9,3.3,8.46,9.65,9,5.74,10.29,12.59,9,6.56,6.63
bitget,FIL,9,0.72,1.47,2.6,9,0.72,1.81,3.52,9,0.72,2.69,6.2,9,1.17,3.72,7.52,9,2.76,4.68,8.71,9,4.73,6.35,10.26,9,0.98,1.54,2.53,9,1.75,2.34,3.27,9,2.52,3.59,5.0,9,2.88,4.74,6.5,9,3.7,5.93,7.76,9,4.51,7.23,9.57,9,1.3,3.9
bitget,KAS,9,3.67,6.46,8.15,9,3.67,7.16,9.58,9,5.58,8.86,11.77,9,8.22,10.77,13.23,9,10.03,13.07,14.66,9,13.58,17.85,23.88,9,3.6,5.45,6.98,9,3.6,6.84,8.43,9,4.92,7.36,11.84,9,6.86,9.11,14.53,9,10.16,11.65,17.96,9,15.42,18.12,22.92,9,7.32,10.9
bitget,KITE,9,5.91,7.29,10.15,9,6.72,9.78,13.77,9,9.46,13.1,19.05,9,13.22,16.46,24.88,9,16.87,22.54,32.98,5,26.38,34.15,45.76,0,6.28,7.94,8.69,9,7.8,9.32,11.96,9,10.36,13.79,18.86,9,14.28,18.79,25.11,8,18.53,24.21,32.74,5,26.69,44.24,52.23,0,12.89,13.08
bitget,LDO,9,2.73,3.92,4.91,9,3.66,5.06,5.37,9,4.21,5.85,8.18,9,5.38,6.41,10.12,9,6.59,9.34,13.63,9,7.81,14.82,20.91,9,2.76,4.26,5.96,9,2.76,6.06,8.15,9,4.2,8.64,9.74,9,6.12,9.98,12.49,9,9.57,12.1,16.43,9,14.15,16.73,27.37,7,5.44,5.62
bitget,MAGMA,9,4.32,7.6,9.75,9,6.51,9.56,11.7,9,11.29,13.5,17.77,9,15.18,17.8,21.63,9,18.06,21.59,25.01,8,25.26,36.51,48.88,0,3.94,6.38,9.51,9,6.38,8.83,12.93,9,9.04,11.01,15.07,9,11.89,14.28,18.56,9,14.94,17.52,23.16,9,20.69,31.22,45.46,3,6.34,13.8
bitget,ONDO,9,1.44,1.47,3.33,9,1.44,1.97,3.86,9,1.47,2.87,4.17,9,1.78,3.58,4.28,9,3.09,3.95,4.99,9,3.87,4.32,7.12,9,1.44,1.48,3.55,9,1.44,2.89,3.97,9,1.46,2.97,4.23,9,2.7,3.75,5.08,9,3.55,4.26,6.2,9,4.04,5.44,6.88,9,2.93,2.97
bitget,POWER,9,7.59,8.45,13.89,9,7.73,11.2,15.87,9,10.56,16.86,20.51,9,16.21,23.85,29.16,7,28.77,34.35,43.93,0,45.89,64.04,94.43,0,6.81,9.6,12.61,9,8.64,11.76,14.15,9,10.31,16.47,18.36,9,14.2,23.89,26.84,5,22.34,34.19,41.93,1,44.2,72.6,99.07,0,11.71,15.36
bitget,RIVER,9,3.93,7.4,8.1,9,3.97,7.44,8.1,9,7.39,7.74,9.61,9,7.74,8.73,10.72,9,11.42,13.48,15.43,9,20.24,22.17,26.2,8,4.16,7.47,8.11,9,7.39,7.74,9.65,9,7.4,8.34,13.59,9,9.72,10.91,15.93,9,13.04,15.3,20.13,9,21.66,27.66,34.42,2,14.79,16.21
bitget,RUNE,9,2.1,3.47,4.66,9,2.26,5.18,6.58,9,5.5,8.29,9.84,9,9.14,12.91,15.09,9,13.04,18.37,20.83,9,21.08,28.23,35.31,3,1.06,3.83,5.07,9,1.06,5.16,7.24,9,4.58,7.8,10.86,9,7.99,11.2,15.25,9,10.99,17.22,20.76,9,19.24,29.03,32.83,1,2.14,4.3
bitget,TAO,9,1.28,1.75,2.16,9,1.78,2.16,2.65,9,2.35,2.91,3.8,9,2.76,3.79,4.79,9,3.11,4.85,6.19,9,3.54,5.94,7.72,9,0.87,1.42,2.1,9,1.18,1.9,2.73,9,1.29,2.57,3.61,9,1.52,3.08,4.17,9,1.88,3.49,5.18,9,3.45,4.49,6.57,9,1.85,2.77
bitget,UAI,9,4.71,6.12,10.65,9,6.04,8.01,15.11,9,7.5,11.29,19.4,9,9.14,13.76,23.68,9,13.25,19.29,30.68,7,26.72,35.37,62.34,0,5.98,6.68,10.27,9,6.96,9.07,11.98,9,9.03,11.46,15.57,9,13.71,14.83,18.79,9,19.29,21.48,23.99,9,32.1,34.85,45.08,0,7.42,13.29
bitget,USELESS,9,3.62,4.66,8.19,9,4.12,5.76,10.33,9,4.33,7.88,11.85,9,6.37,9.28,16.81,9,9.37,11.51,20.35,9,16.79,18.83,28.31,8,3.42,4.81,8.18,9,4.45,5.71,8.68,9,5.27,7.53,10.3,9,7.81,9.05,12.64,9,10.54,12.47,16.95,9,16.52,22.26,25.68,7,8.29,14.57
bitget,WIF,9,2.5,3.51,5.4,9,4.06,5.56,6.49,9,6.26,6.79,7.14,9,7.0,7.21,7.35,9,7.52,8.88,9.55,9,10.67,11.73,15.89,9,2.54,4.85,5.61,9,4.08,6.25,6.73,9,6.2,7.07,7.4,9,6.91,7.38,7.7,9,7.41,7.73,10.66,9,8.56,10.58,18.31,9,5.07,5.23
bitget,XMR,9,3.85,4.78,5.78,9,3.85,4.81,6.81,9,3.85,4.83,9.06,9,4.01,5.59,9.81,9,5.33,7.71,10.19,9,8.07,11.31,14.24,9,4.73,5.95,6.23,9,5.3,6.48,8.22,9,5.79,7.03,10.11,9,6.93,8.07,11.34,9,8.49,10.1,14.55,9,8.52,12.75,19.25,9,9.02,10.75
bitget,ZRO,9,2.99,4.87,6.13,9,4.02,6.93,8.25,9,6.11,9.4,11.77,9,8.62,12.06,16.56,9,10.71,15.59,19.53,9,16.0,22.73,25.02,8,3.2,4.62,7.18,9,3.55,7.21,8.17,9,4.93,9.84,11.83,9,7.39,12.08,15.05,9,9.03,15.69,19.95,9,13.47,19.71,24.09,9,3.01,4.98
bybit,AR,9,4.79,8.18,12.0,9,6.86,12.64,15.13,9,10.7,17.57,24.04,9,15.11,28.77,34.81,4,21.41,42.77,51.51,1,51.34,73.21,86.88,0,6.32,9.17,13.08,9,9.18,12.9,15.52,9,14.93,20.42,23.04,9,21.38,26.12,32.43,3,28.24,33.55,48.39,0,50.16,70.94,90.29,0,8.97,13.55
bybit,BTW,9,7.54,8.84,12.29,9,9.66,11.94,17.64,9,14.16,19.03,29.96,8,21.45,26.46,53.72,3,34.7,45.83,86.34,0,54.41,97.64,149.59,0,4.7,7.57,14.37,9,7.27,9.6,19.84,9,12.09,15.07,27.67,8,17.8,23.01,40.37,6,19.79,38.41,72.62,1,24.76,74.53,88.78,1,3.48,6.77
bybit,FIL,9,1.85,2.78,3.57,9,2.44,3.64,4.47,9,3.87,5.69,6.56,9,4.89,6.92,8.84,9,5.79,8.45,11.27,9,9.04,11.85,14.65,9,0.66,2.15,3.0,9,1.45,3.05,4.01,9,3.02,4.54,6.19,9,3.58,6.09,7.58,9,4.74,8.31,8.81,9,6.72,11.19,12.05,9,1.3,2.53
bybit,KAS,9,4.15,5.05,8.54,9,5.11,6.65,9.47,9,5.43,8.26,11.71,9,7.23,10.46,13.17,9,10.96,14.55,15.29,9,19.2,22.23,26.03,5,4.24,5.16,6.96,9,5.27,6.71,8.49,9,6.76,8.58,10.98,9,8.88,10.84,13.29,9,12.06,14.38,17.44,9,19.15,23.87,27.78,8,3.67,7.32
bybit,KITE,9,8.1,10.52,12.76,9,11.18,12.57,18.31,9,14.0,19.19,25.39,8,21.0,29.21,41.35,2,42.94,54.75,75.72,0,70.54,145.64,202.24,0,8.32,10.75,17.88,9,11.9,13.68,26.25,8,17.66,22.54,39.78,7,29.78,38.16,56.47,0,48.63,76.02,110.89,0,78.19,262.65,318.37,0,13.85,17.5
bybit,LDO,9,2.71,3.21,4.82,9,3.41,3.93,7.11,9,3.85,4.84,8.83,9,4.08,6.58,10.63,9,7.08,8.72,12.69,9,13.36,15.75,17.83,9,1.36,3.72,5.64,9,2.28,3.94,6.76,9,3.54,5.24,8.23,9,5.23,7.39,11.01,9,7.72,9.96,14.47,9,14.41,16.77,21.2,9,2.77,5.4
bybit,MAGMA,9,1.54,5.73,11.54,9,2.6,8.05,15.01,9,5.51,14.26,21.44,9,8.94,22.23,32.82,6,17.46,41.28,65.08,4,38.55,77.77,121.21,0,3.11,4.67,11.96,9,4.36,6.67,15.4,9,5.52,12.19,24.35,9,8.95,20.08,34.89,7,15.31,35.28,66.49,3,30.26,62.85,189.97,0,4.29,8.64
bybit,ONDO,9,1.44,1.47,1.49,9,1.44,1.47,2.87,9,1.46,1.47,3.77,9,1.46,1.49,4.07,9,2.1,2.87,4.48,9,3.48,4.78,6.13,9,1.44,1.47,3.82,9,1.44,1.47,4.11,9,1.44,1.48,4.29,9,1.46,1.77,4.34,9,2.35,3.08,4.37,9,3.57,4.01,5.44,9,2.93,2.97
bybit,POWER,9,11.12,14.74,16.53,9,15.09,20.2,32.77,7,35.14,41.57,105.27,0,46.43,88.15,237.82,0,51.69,166.21,348.52,0,146.31,290.97,443.04,0,11.1,13.56,19.4,9,16.36,23.7,27.41,5,36.9,42.8,54.74,0,51.78,72.49,106.75,0,74.13,186.69,219.73,0,189.33,250.43,275.6,0,11.67,22.4
bybit,RIVER,9,4.05,8.45,10.72,9,7.35,12.3,13.5,9,18.27,20.33,22.56,9,30.61,34.83,36.57,0,57.84,66.93,72.98,0,127.63,142.99,177.56,0,3.93,8.22,11.01,9,7.58,12.9,13.99,9,16.03,20.24,25.96,7,26.74,32.76,40.19,0,41.38,56.86,81.39,0,55.38,152.31,213.92,0,7.6,8.1
bybit,RUNE,9,5.71,7.91,11.2,9,6.89,12.43,15.99,9,9.29,17.98,26.83,7,18.51,27.84,36.22,3,33.49,36.26,42.44,0,41.54,43.52,47.13,0,2.08,8.89,10.73,9,3.21,12.47,14.9,9,11.88,18.95,24.09,9,23.67,30.28,33.14,1,34.69,38.02,39.88,0,39.8,43.38,44.91,0,6.26,8.59
bybit,TAO,9,0.23,0.83,1.6,9,0.23,1.11,1.96,9,0.41,1.87,2.66,9,1.63,2.53,3.49,9,3.01,3.51,4.71,9,5.12,5.68,7.42,9,0.23,0.56,1.89,9,0.23,0.99,2.16,9,1.05,1.79,2.75,9,1.73,2.64,3.15,9,2.37,3.4,4.43,9,3.98,5.06,5.77,9,0.46,0.46
bybit,UAI,9,4.29,5.51,9.69,9,5.9,6.86,13.95,9,7.53,10.26,27.59,8,12.72,18.54,51.16,6,21.88,27.4,88.11,4,38.01,43.97,164.16,0,4.26,5.94,8.39,9,5.66,8.38,12.12,9,9.11,13.5,22.62,9,12.65,21.38,42.75,6,17.1,33.67,79.59,2,35.51,48.02,257.89,0,4.05,6.05
bybit,USELESS,9,2.67,3.73,6.67,9,3.65,5.36,8.31,9,5.85,7.36,10.06,9,7.73,9.44,12.19,9,9.72,12.54,15.77,9,16.71,20.77,25.19,8,2.98,4.35,5.98,9,4.19,5.81,7.19,9,5.51,7.42,8.88,9,8.0,9.36,11.1,9,10.2,12.82,13.7,9,16.17,21.49,23.03,9,4.08,6.0
bybit,WIF,9,2.54,2.69,5.0,9,2.54,5.11,6.25,9,4.5,6.56,7.04,9,6.06,7.04,7.39,9,6.83,7.48,8.54,9,9.94,11.12,12.83,9,2.5,2.59,5.88,9,2.5,4.83,6.74,9,2.62,6.49,7.26,9,4.96,7.05,7.43,9,6.41,7.34,8.6,9,8.5,9.88,12.29,9,5.08,5.24
bybit,XMR,9,0.1,2.47,4.13,9,0.65,3.53,5.18,9,1.63,4.88,6.19,9,2.33,6.21,8.1,9,4.76,8.12,9.85,9,7.55,11.67,13.47,9,0.75,2.55,3.09,9,1.16,3.13,4.08,9,3.43,4.56,5.93,9,5.74,6.71,7.24,9,7.54,7.8,9.98,9,10.35,11.48,15.55,9,1.57,3.77
bybit,ZEN,9,4.41,5.86,6.4,9,6.21,7.96,9.6,9,8.14,13.7,17.12,9,13.8,23.58,29.47,5,28.97,37.91,45.95,0,61.09,93.78,108.53,0,4.67,6.44,8.99,9,6.29,8.86,11.72,9,11.13,15.19,18.36,9,18.9,26.55,29.8,4,25.97,39.79,44.42,0,50.92,76.75,88.33,0,3.74,8.83
bybit,ZRO,9,1.29,3.83,6.03,9,1.88,5.24,7.6,9,2.25,7.18,9.23,9,2.47,8.58,10.84,9,6.09,11.79,13.86,9,12.39,19.9,28.24,7,1.18,2.67,5.64,9,1.59,3.71,7.74,9,4.06,6.1,9.42,9,5.55,8.32,11.6,9,7.08,12.02,15.99,9,13.03,21.02,31.93,6,1.95,2.0
dydx,FIL,9,23.18,27.23,97.38,3,23.18,27.23,97.38,3,23.18,27.23,97.38,3,24.0,28.0,97.38,2,24.0,30.44,97.38,2,33.49,68.81,137.55,0,23.18,28.0,97.38,3,23.18,28.0,97.38,3,23.18,28.0,97.38,3,23.18,30.44,97.38,3,23.19,30.44,97.38,3,34.89,58.99,122.12,0,54.46,194.76
dydx,ICP,9,17.16,26.94,70.12,2,17.16,26.94,70.74,2,17.16,26.94,87.24,2,17.16,26.94,94.25,2,18.57,26.94,98.6,1,27.66,42.15,118.18,0,17.16,26.94,67.4,2,17.16,26.94,67.4,2,17.16,26.94,67.4,2,17.16,26.94,67.4,2,17.16,28.99,67.4,2,20.1,41.68,119.19,1,53.88,134.8
dydx,LDO,9,24.62,33.14,72.77,1,24.62,33.14,72.77,1,24.62,33.14,72.77,1,24.62,33.14,72.77,1,26.0,35.48,72.77,0,45.72,59.27,104.68,0,24.62,33.14,72.77,1,24.62,33.14,72.77,1,24.62,33.14,72.77,1,24.62,33.14,72.77,1,24.64,35.48,72.77,1,45.18,59.24,147.29,0,66.28,145.54
dydx,MORPHO,9,44.98,50.11,1698.85,0,44.98,50.11,1843.23,0,1113.93,1178.56,1929.86,0,1526.6,1559.19,2263.92,0,1732.93,1749.52,2453.92,0,1855.06,1868.43,2567.93,0,44.98,50.11,1541.44,0,50.67,55.59,1717.66,0,916.31,1182.47,1823.39,0,916.31,1575.07,1858.64,0,916.31,1764.98,1876.26,0,916.31,1878.92,1894.79,0,100.22,1832.61
dydx,ONDO,9,36.53,40.94,192.42,0,36.53,40.94,223.33,0,36.53,40.94,241.88,0,36.53,40.94,248.07,0,36.53,49.66,251.16,0,54.92,62.38,253.01,0,36.53,40.94,82.81,0,36.53,40.94,82.81,0,36.53,40.94,82.81,0,36.53,40.94,82.81,0,37.68,46.03,82.81,0,48.49,61.2,82.81,0,81.87,159.95
dydx,RUNE,9,34.31,36.38,157.78,0,34.31,36.38,157.78,0,34.31,36.38,157.78,0,36.05,37.02,157.78,0,38.35,42.12,157.78,0,58.12,67.3,157.78,0,34.31,36.38,157.78,0,34.31,36.38,157.78,0,34.31,36.38,157.78,0,34.78,39.23,157.78,0,35.59,40.85,157.78,0,57.16,62.74,157.78,0,72.76,315.57
dydx,SPX,9,28.04,587.73,1001.34,0,43.1,703.25,1222.94,0,278.51,767.77,1356.79,0,283.85,790.9,1401.41,0,488.03,802.6,1423.71,0,771.28,821.93,1437.1,0,18.01,354.48,613.84,1,18.73,354.48,613.84,1,19.16,354.48,613.84,1,19.31,354.48,613.84,1,19.38,354.48,613.84,1,19.42,354.48,613.84,1,708.95,1227.68
dydx,TAO,9,16.33,22.32,45.05,7,16.33,22.32,45.05,7,16.33,22.32,45.05,7,16.33,22.32,45.05,7,17.67,23.91,45.05,7,24.38,28.92,45.05,1,16.33,22.32,45.05,7,16.33,22.32,45.05,7,16.33,22.32,45.05,7,16.33,22.32,45.05,7,16.33,22.32,45.05,6,16.33,25.97,45.05,4,44.63,90.11
dydx,WIF,9,18.86,26.65,72.09,4,18.86,26.65,72.09,4,18.86,26.7,72.09,4,18.86,26.86,72.09,4,18.86,27.32,72.27,4,27.89,32.51,128.15,0,18.86,26.65,72.09,4,18.86,26.65,72.09,4,18.86,26.65,72.09,4,18.86,26.65,72.09,4,19.56,26.67,72.09,4,23.45,32.26,108.97,1,53.29,144.18
dydx,XMR,9,13.99,92.67,354.65,1,22.7,92.67,379.71,1,134.13,207.4,394.75,0,178.84,267.2,460.78,0,196.18,298.13,499.08,0,207.18,310.58,522.07,0,14.59,92.67,165.26,1,38.73,102.88,170.33,0,91.27,116.51,325.36,0,91.27,120.41,386.71,0,91.27,129.23,417.39,0,91.27,130.35,435.8,0,185.34,329.57
dydx,ZEC,9,15.58,21.85,24.92,9,15.85,22.55,25.26,8,20.32,29.54,48.99,3,20.32,32.98,56.89,3,25.45,36.64,60.83,0,40.37,49.97,63.2,0,15.58,21.85,24.92,9,15.58,21.85,24.92,9,15.58,21.85,24.92,9,15.58,21.85,24.92,9,15.6,21.85,24.92,9,21.92,24.15,24.92,9,43.69,49.85
dydx,ZEN,9,38.92,50.09,1512.88,0,38.92,50.09,1611.16,0,335.33,377.88,1670.13,0,335.33,491.15,1689.78,0,335.33,547.17,1724.14,0,335.33,580.79,1843.38,0,38.92,50.09,574.86,0,42.2,51.77,574.86,0,373.4,522.11,1476.5,0,483.51,574.86,1879.54,0,538.57,574.86,1930.64,0,570.96,574.86,1937.94,0,100.19,1149.72
dydx,ZRO,9,29.91,40.08,220.01,0,29.91,40.08,242.49,0,29.91,40.08,279.31,0,38.26,48.16,471.67,0,46.16,58.19,736.33,0,131.59,175.02,895.12,0,29.91,40.08,214.73,0,29.91,40.08,239.85,0,29.91,40.08,277.23,0,44.84,48.52,471.99,0,58.57,60.14,736.48,0,160.06,195.18,895.18,0,80.16,333.66
hl,ONDO,9,0.15,0.59,1.64,9,0.15,0.59,1.74,9,0.31,1.03,1.99,9,0.76,1.92,2.3,9,1.74,2.6,3.31,9,3.3,4.24,5.22,9,0.19,0.73,1.31,9,0.37,0.81,1.31,9,0.54,1.28,2.1,9,1.32,1.67,3.23,9,1.54,2.63,4.34,9,1.86,4.2,5.58,9,0.88,2.62
okx,USELESS,9,4.3,6.82,11.64,9,6.32,8.92,15.81,9,10.82,14.85,26.91,8,17.97,24.65,37.84,5,31.76,39.8,54.46,0,62.29,88.19,113.24,0,4.54,6.25,7.71,9,6.79,8.38,11.57,9,11.81,14.06,19.92,9,18.44,22.52,29.0,8,30.74,37.51,42.95,0,62.63,86.97,121.14,0,2.94,4.87
